name,CPU Mark,score,price
AMD EPYC 9655P ,-86%,"160,417"," $10,811.00*"
AMD EPYC 9655 ,-84%,"156,085"," $11,852.00*"
AMD EPYC 9845 ,-82%,"152,985"," $13,564.00*"
AMD EPYC 9575F ,-81%,"150,439"," $7,687.00*"
AMD Ryzen Threadripper PRO 7995WX ,-78%,"145,415"," $9,999.99*"
AMD Ryzen Threadripper 7980X ,-75%,"138,627"," $4,782.99"
AMD EPYC 9555P ,-73%,"135,513"," $7,983.00*"
AMD EPYC 9745 ,-73%,"135,214"," $12,141.00*"
AMD Ryzen Threadripper PRO 7985WX ,-73%,"134,713"," $7,349.00"
AMD EPYC 9J14 ,-67%,"124,637", NA
AMD EPYC 9684X ,-65%,"121,467"," $7,750.00*"
AMD EPYC 9654 ,-65%,"120,240"," $4,698.95"
AMD EPYC 9V74 ,-63%,"117,606", NA
AMD EPYC 9455P ,-63%,"117,285"," $4,819.00*"
AMD EPYC 9R14 ,-63%,"116,475", NA
AMD EPYC 9654P ,-63%,"116,324"," $7,252.89"
AMD EPYC 9634 ,-58%,"107,944"," $3,949.99*"
AMD EPYC 9554 ,-58%,"107,465"," $2,844.45"
AMD EPYC 9554P ,-57%,"106,756"," $4,550.00*"
AMD EPYC 9474F ,-56%,"105,010"," $3,950.00*"
Intel Xeon w9-3595X ,-55%,"101,511"," $5,889.00*"
Intel Xeon 6741P ,-54%,"100,660"," $4,421.00*"
AMD EPYC 9754 ,-53%,"98,868"," $4,998.95"
AMD Ryzen Threadripper 7970X ,-53%,"98,686"," $2,291.99"
AMD EPYC 9355P ,-52%,"97,290"," $2,998.00*"
AMD EPYC 9454P ,-51%,"95,853"," $3,450.00*"
AMD Ryzen Threadripper PRO 7975WX ,-51%,"95,815"," $4,279.22"
AMD EPYC 9375F ,-51%,"95,768"," $5,306.00*"
AMD Ryzen Threadripper PRO 5995WX ,-51%,"94,673"," $3,220.00"
Intel Xeon w9-3495X ,-49%,"91,952"," $5,889.00*"
AMD EPYC 7773X ,-49%,"91,340"," $1,563.00*"
Intel Xeon Platinum 8470 @2.00GHz ,-48%,"89,850"," $9,359.00*"
Intel Xeon Platinum 8488C ,-48%,"88,667", NA
AMD EPYC 9534 ,-47%,"87,280"," $3,498.95"
AMD EPYC 9454 ,-46%,"86,324"," $5,110.06"
AMD EPYC 7J13 ,-45%,"84,786", NA
AMD EPYC 7763 ,-45%,"84,591"," $1,473.45"
Intel Xeon Max 9480 ,-45%,"84,567", $920.40*
Intel Xeon Platinum 8592+ ,-45%,"84,013"," $11,600.00*"
AMD Ryzen Threadripper 7960X ,-45%,"83,809"," $1,714.05"
AMD Ryzen Threadripper PRO 3995WX ,-45%,"83,547", NA
AMD EPYC 7R43 ,-45%,"83,535", NA
AMD EPYC 7V13 ,-44%,"82,878", NA
AMD EPYC 7713 ,-44%,"82,825", NA
Intel Xeon w9-3575X ,-44%,"82,589"," $3,789.00*"
AMD EPYC 7R13 64-Core ,-44%,"82,158", NA
AMD EPYC 7663 ,-44%,"82,087", NA
AMD Ryzen Threadripper PRO 7965WX ,-44%,"81,819"," $2,649.00"
AMD EPYC 7T83 ,-44%,"81,757", NA
AMD EPYC 9374F ,-44%,"81,642"," $3,495.00*"
AMD EPYC 7713P ,-44%,"81,351"," $2,443.73*"
AMD Ryzen Threadripper 3990X ,-43%,"80,311"," $2,780.95"
AMD EPYC 9275F ,-43%,"79,778"," $3,439.00*"
AMD EPYC 7B13 ,-41%,"77,460", NA
AMD EPYC 7643P ,-41%,"77,307"," $2,722.00*"
AMD EPYC 7C13 ,-41%,"76,461", NA
Intel Xeon 6740E ,-41%,"76,167"," $5,265.00*"
AMD EPYC 7643 ,-41%,"76,050"," $1,267.00*"
AMD Ryzen Threadripper PRO 5975WX ,-41%,"75,716"," $2,201.45"
Intel Xeon Platinum 8461V ,-40%,"74,982"," $4,491.00*"
AMD EPYC 9354P ,-40%,"74,960"," $2,280.00*"
Apple M3 Ultra 32 Core ,-40%,"74,445", NA
AMD EPYC 9274F ,-40%,"73,982"," $3,163.99"
Intel Xeon w7-3565X ,-39%,"73,318"," $2,689.00*"
AMD EPYC 7662 ,-39%,"72,298"," $4,379.54*"
AMD EPYC 8534P ,-38%,"71,900", NA
AMD EPYC 9354 ,-38%,"71,452"," $3,149.95"
Intel Xeon Gold 6548Y+ ,-38%,"70,439"," $3,726.00*"
AMD Ryzen 9 9950X3D ,-38%,"70,376"," $1,074.98"
AMD EPYC 7742 ,-37%,"69,879"," $1,649.95"
AMD EPYC 9384X ,-37%,"69,665"," $5,529.00*"
AMD EPYC 7H12 ,-37%,"69,633"," $1,631.29"
AMD EPYC 7573X ,-37%,"69,432"," $5,250.00*"
AMD EPYC 7702 ,-37%,"68,870"," $1,375.00"
Apple M3 Ultra 28 Core ,-37%,"68,721", NA
Intel Xeon Platinum 8571N ,-37%,"68,385", NA
Intel Core Ultra 9 285K ,-36%,"67,983", $589.45
AMD EPYC 7543P ,-36%,"66,687"," $2,288.24*"
AMD Ryzen Threadripper PRO 5965WX ,-36%,"66,682"," $1,489.00"
AMD Ryzen 9 9955HX3D ,-36%,"66,621", NA
AMD EPYC 8434P ,-36%,"66,490", NA
Intel Xeon w7-2595X ,-35%,"66,235"," $2,039.00*"
AMD Ryzen 9 9950X ,-35%,"66,218", $526.00
AMD EPYC 7B12 ,-35%,"66,044", NA
AMD EPYC 9175F ,-35%,"65,792"," $4,256.00*"
AMD EPYC 4564P ,-35%,"65,688", NA
Intel Xeon Gold 6530 ,-35%,"65,533"," $2,128.00*"
Intel Xeon w9-3475X ,-35%,"64,889"," $4,070.00*"
AMD EPYC 9334 ,-35%,"64,616"," $2,350.00*"
AMD EPYC 9254 ,-34%,"64,086"," $2,440.45"
Intel Core Ultra 9 285HX ,-34%,"63,445", NA
AMD EPYC 7R32 ,-34%,"63,239", NA
AMD Ryzen Threadripper 3970X ,-34%,"63,119"," $1,650.00"
Intel Xeon w7-3465X ,-34%,"62,805"," $3,077.93*"
AMD Ryzen 9 7950X ,-33%,"62,567", NA
AMD Ryzen 9 7950X3D ,-33%,"62,440", NA
AMD Ryzen Threadripper PRO 3975WX ,-33%,"62,351"," $1,325.00"
Intel Xeon Platinum 8454H ,-33%,"62,347"," $6,540.00*"
Intel Xeon Platinum 8380 @ 2.30GHz ,-33%,"62,318"," $7,301.00*"
AMD EPYC 7543 ,-33%,"61,788"," $3,761.00*"
AMD EPYC 7702P ,-33%,"61,539"," $1,594.95"
Intel Xeon Gold 5520+ ,-33%,"61,227"," $1,849.99*"
Intel Core i9-13900KS ,-33%,"61,102", $429.00
Intel Core i9-14900KS ,-33%,"61,012", NA
AMD EPYC 74F3 ,-32%,"60,666"," $2,031.69*"
Intel Xeon Gold 6448Y ,-32%,"60,449"," $3,583.00*"
AMD EPYC 4584PX ,-32%,"60,387"," $1,691.54"
Intel Xeon Gold 5512U ,-32%,"60,334"," $1,230.00*"
AMD EPYC 75F3 ,-32%,"59,972", NA
AMD Ryzen Threadripper PRO 7955WX ,-32%,"59,902", NA
AMD EPYC 7K62 ,-32%,"59,764", NA
AMD EPYC 7513 ,-32%,"59,331"," $1,599.79"
AMD EPYC 7473X ,-32%,"59,280", NA
Intel Xeon W-3375 @ 2.50GHz ,-32%,"59,091"," $4,499.00*"
Intel Xeon Gold 6542Y ,-32%,"59,047"," $2,878.00*"
Intel Core i9-14900K ,-32%,"59,044", NA
Intel Xeon W-3365 @ 2.70GHz ,-32%,"59,038"," $3,851.00*"
Intel Core Ultra 7 265KF ,-31%,"58,940", $329.00
Intel Core i9-14900KF ,-31%,"58,852", $424.99*
Intel Xeon Gold 6421N ,-31%,"58,797"," $2,368.00*"
AMD EPYC 7642 ,-31%,"58,795"," $1,190.16"
Intel Core Ultra 7 265K ,-31%,"58,782", $324.00
Intel Core i9-13900K ,-31%,"58,722", $398.60
Intel Xeon w7-2575X ,-31%,"58,625"," $1,689.00*"
Intel Xeon Gold 6442Y ,-31%,"58,534"," $2,878.00*"
Intel Xeon w7-3455 ,-31%,"58,393"," $2,489.00*"
Intel Xeon Gold 5420+ ,-31%,"58,209"," $1,848.00*"
Intel Xeon w7-2495X ,-31%,"58,131"," $2,498.80*"
Intel Xeon 6521P ,-31%,"57,970"," $1,250.00*"
Intel Core i9-13900KF ,-31%,"57,929", $429.99
AMD Ryzen 9 9955HX 16-Core ,-31%,"57,771", NA
AMD Ryzen 9 7945HX3D ,-31%,"57,570", NA
Ampere ARM - 192 Core 3200 MHz ,-31%,"57,444", NA
Intel Xeon Gold 6423N ,-31%,"57,434"," $2,161.00*"
AMD EPYC 7552 ,-31%,"57,414"," $1,650.00*"
AMD EPYC 9135 ,-31%,"57,380"," $1,214.00*"
ARM Neoverse-V2 72 Core 3465 MHz ,-31%,"57,369", NA
ARM Neoverse-V2 72 Core 3519 MHz ,-31%,"57,240", NA
Intel Xeon Gold 6414U ,-31%,"57,200"," $2,296.00*"
AMD EPYC 8324P ,-30%,"57,127", NA
Intel Core Ultra 7 255HX ,-30%,"56,989", NA
AMD EPYC 7443P ,-30%,"56,948"," $1,447.06"
AMD EPYC 7443 ,-30%,"56,686"," $2,230.99*"
Intel Core Ultra 9 275HX ,-30%,"56,505", NA
AMD Ryzen 9 9900X3D ,-30%,"56,248", $699.99
Intel Xeon Platinum 8375C @ 2.90GHz ,-30%,"56,202", NA
AMD EPYC 9174F ,-30%,"55,485"," $2,275.00*"
AMD Ryzen 9 9900X ,-29%,"54,832", $364.00
AMD Ryzen 9 7945HX ,-29%,"54,815", NA
AMD Ryzen Threadripper 3960X ,-29%,"54,797"," $1,070.00"
Intel Core Ultra 9 285 ,-29%,"54,690", $519.00
AMD Ryzen 9 7940HX ,-29%,"54,493", NA
Intel Xeon Platinum 8358 @ 2.60GHz ,-29%,"54,416"," $4,298.95"
Intel Xeon w5-3535X ,-29%,"54,276"," $1,689.00*"
Intel Xeon Platinum 8360Y @ 2.40GHz ,-29%,"54,078"," $2,799.97*"
Intel Xeon w7-2475X ,-29%,"53,875"," $1,906.93*"
Intel Xeon w5-2565X ,-29%,"53,509"," $1,339.00*"
Intel Core i7-14700KF ,-28%,"53,188", $317.73
Intel Xeon Gold 6438N ,-28%,"52,789"," $3,351.00*"
AMD EPYC 7F72 ,-28%,"52,740", $939.90
Intel Core i7-14700K ,-28%,"52,694", $319.00
AMD EPYC 7532 ,-28%,"52,220", $189.95
Intel Xeon Gold 5412U ,-28%,"52,218"," $1,113.00*"
Intel Xeon Gold 6348 @ 2.60GHz ,-28%,"51,843"," $2,111.99"
AMD EPYC 7502 ,-28%,"51,695", $952.44
AMD Ryzen 9 7900X ,-27%,"51,466", NA
AMD EPYC 4484PX ,-27%,"51,115", NA
AMD Ryzen AI Max+ Pro 395 ,-27%,"51,085", NA
AMD EPYC 7502P ,-27%,"51,054"," $1,498.95"
Intel Xeon Gold 6554S ,-27%,"50,777"," $3,435.91"
AMD EPYC 9115 ,-27%,"50,693", $726.00*
Apple M2 Ultra 24 Core ,-27%,"50,663", NA
AMD EPYC 7413 ,-27%,"50,641", $859.59
AMD EPYC 7453 ,-27%,"50,575"," $1,504.65"
AMD Ryzen 9 7900X3D ,-27%,"50,331", NA
Intel Xeon Gold 6544Y ,-27%,"50,319"," $3,622.00*"
Intel Core i9-13900F ,-27%,"50,287", NA
AMD Ryzen AI Max+ 395 ,-27%,"50,240", NA
AMD EPYC 9184X ,-27%,"50,102"," $3,750.00*"
AMD Ryzen Threadripper PRO 5955WX ,-27%,"49,964", NA
AMD Ryzen Threadripper PRO 7945WX ,-27%,"49,942", NA
Intel Core Ultra 7 265F ,-26%,"49,541", $314.00
Intel Xeon Platinum 8347C @ 2.10GHz ,-26%,"49,386", NA
Intel Xeon w5-3525 ,-26%,"49,190"," $1,339.00*"
Montage Jintide C5418Y ,-26%,"49,045", NA
AMD EPYC 7R12 ,-26%,"48,934", NA
Intel Xeon w5-2555X ,-26%,"48,709"," $1,069.00*"
Intel Core Ultra 7 265 ,-26%,"48,649", $332.00
Intel Xeon Gold 6314U @ 2.30GHz ,-26%,"48,648"," $2,782.00*"
AMD Ryzen 9 7900 ,-26%,"48,538", $372.00
Intel Xeon w7-3445 ,-26%,"48,463"," $1,989.00*"
AMD EPYC 4464P ,-26%,"48,123", NA
Intel Xeon W-3345 @ 3.00GHz ,-25%,"47,664"," $2,499.00*"
ARM Ampere-1a 192 Core 2600 MHz ,-25%,"47,202", NA
Intel Xeon Gold 6444Y ,-25%,"47,176"," $3,622.00*"
Intel Xeon Gold 6342 @ 2.80GHz ,-25%,"47,076"," $2,895.95"
Intel Core i9-14900F ,-25%,"46,825", $559.99
Intel Core i9-13980HX ,-25%,"46,737", $668.00*
Intel Xeon Platinum 8368Q @ 2.60GHz ,-25%,"46,681", NA
AMD Ryzen AI Max 390 ,-25%,"46,374", NA
Intel Core i7-13700KF ,-25%,"46,329", $299.00
Intel Core i7-13790F ,-25%,"46,309", NA
Intel Xeon w5-2465X ,-24%,"46,109"," $1,522.74*"
AMD EPYC 73F3 ,-24%,"46,103"," $2,343.10"
Intel Core i7-13700K ,-24%,"46,069", $293.00
AMD EPYC 7402 ,-24%,"46,012", $629.95
Intel Core i9-13900 ,-24%,"45,954", NA
Intel Xeon 6517P ,-24%,"45,923"," $1,195.00*"
Intel Xeon w5-3435X ,-24%,"45,850"," $1,814.22*"
AMD EPYC 7542 ,-24%,"45,814", $732.44
Intel Xeon W-3175X @ 3.10GHz ,-24%,"45,736"," $3,039.28*"
Intel Xeon Gold 6526Y ,-24%,"45,715"," $1,517.00*"
Intel Core i9-14900 ,-24%,"45,679", $560.00
AMD Ryzen 9 PRO 7945 ,-24%,"45,656", NA
Intel Xeon Gold 6336Y @ 2.40GHz ,-24%,"45,517"," $2,398.95"
AMD Ryzen 9 5950X ,-24%,"45,469", $311.00
Intel Core i9-14900HX ,-24%,"45,443", $679.00*
AMD Ryzen 9 7845HX ,-24%,"45,331", NA
AMD EPYC 9224 ,-24%,"45,223"," $1,950.00*"
AMD EPYC 8224P ,-24%,"45,180", NA
AMD EPYC 7452 ,-24%,"44,996"," $1,147.19"
Intel Xeon Gold 6538N ,-24%,"44,895"," $3,351.00*"
AMD Ryzen AI Max Pro 390 ,-24%,"44,680", NA
Intel Xeon Silver 4416+ ,-23%,"44,140"," $1,176.00*"
AMD Ryzen 9 5900XT ,-23%,"44,122", $279.00
Intel Core i9-12900KS ,-23%,"43,895", NA
Intel Xeon Gold 5418Y ,-23%,"43,835"," $1,483.00*"
Apple M4 Max 16 Core ,-23%,"43,690", NA
AMD EPYC 7402P ,-23%,"43,684", $820.83
AMD EPYC 9124 ,-23%,"43,681"," $1,230.63"
AMD EPYC 7343 ,-23%,"43,644", $936.56
Intel Core Ultra 5 245K ,-23%,"43,635", $269.99
Intel Core Ultra 5 245KF ,-23%,"43,598", $289.99
Intel Core i9-13900HX ,-23%,"43,279", $668.00*
ARM Neoverse-N1 128 Core 2800 MHz ,-23%,"43,111", NA
Intel Xeon Gold 6330 @ 2.00GHz ,-23%,"43,056"," $1,279.95"
AMD EPYC 7D12 ,-23%,"42,900", NA
Intel Core i9-13900T ,-23%,"42,725", $549.00*
AMD Ryzen 7 7840HX ,-23%,"42,491", NA
Intel Xeon Gold 6312U @ 2.40GHz ,-22%,"42,329"," $1,809.59*"
Intel Core i9-13950HX ,-22%,"42,191", $590.00*
Intel Xeon Gold 6338N @ 2.20GHz ,-22%,"42,086"," $4,671.69*"
Intel Core i7-14700F ,-22%,"42,023", $293.17
Intel Core i7-14700 ,-22%,"41,885", $319.00
AMD EPYC 7313P ,-22%,"41,609"," $1,304.21"
Intel Xeon w5-2545 ,-22%,"41,480", $889.00*
Intel Xeon W-3275 @ 2.50GHz ,-22%,"41,469"," $4,894.00*"
Intel Xeon Gold 6354 @ 3.00GHz ,-22%,"41,445"," $2,698.95"
Apple M1 Ultra 20 Core ,-22%,"41,343", NA
Intel Core i9-12900K ,-22%,"41,323", $315.89
AMD EPYC 7F52 ,-22%,"41,322"," $1,895.30*"
Apple M3 Max 16 Core ,-22%,"41,220", NA
Intel Core i9-12900KF ,-22%,"41,050", $269.94
Intel Xeon Platinum 8275CL @ 3.00GHz ,-22%,"40,794", NA
Intel Core i9-13900E ,-22%,"40,705", $554.00*
AMD Ryzen Threadripper PRO 5945WX ,-22%,"40,647", NA
Intel Xeon Gold 6416H ,-22%,"40,606"," $1,444.00*"
Intel Core i9-14900T ,-21%,"40,489", $549.00*
Intel Xeon W-3275M @ 2.50GHz ,-21%,"40,465"," $7,453.00*"
Intel Core Ultra 5 235 ,-21%,"40,390", $230.00
AMD EPYC 7352 ,-21%,"40,370", $749.95
Intel Xeon Gold 6258R @ 2.70GHz ,-21%,"40,252"," $2,598.95"
AMD Ryzen Threadripper PRO 3955WX ,-21%,"40,188", $925.00
AMD Ryzen 7 9800X3D ,-21%,"40,048", $584.98
Intel Xeon W-3335 @ 3.40GHz ,-21%,"39,293"," $1,299.00*"
ARM Neoverse-N1 128 Core 3000 MHz ,-21%,"39,163", NA
Intel Xeon Gold 6450C ,-21%,"39,111", NA
AMD Ryzen 9 5900X ,-21%,"39,041", NA
Intel Core i5-14600KF ,-21%,"38,847", $209.00
AMD Ryzen 9 3950X ,-20%,"38,651", $485.95
AMD EPYC 7313 ,-20%,"38,644", NA
Intel Core i5-14600K ,-20%,"38,621", $200.00
Intel Core i7-13700F ,-20%,"38,615", NA
Apple M4 Max 14 Core ,-20%,"38,510", NA
Intel Xeon Gold 6426Y ,-20%,"38,373"," $1,517.00*"
Apple M4 Pro 14 Core ,-20%,"38,312", NA
Intel Xeon Platinum 8180 @ 2.50GHz ,-20%,"38,259"," $2,379.36"
AMD EPYC 7551P ,-20%,"38,198", $189.95
Intel Core Ultra 7 265H ,-20%,"37,782", NA
Intel Core i5-13600K ,-20%,"37,705", NA
Intel Xeon Gold 6346 @ 3.10GHz ,-20%,"37,665"," $2,169.65"
Intel Core i5-13600KF ,-20%,"37,558", NA
Intel Xeon Gold 5320 @ 2.20GHz ,-20%,"37,558", NA
Intel Xeon w5-2455X ,-20%,"37,379"," $1,149.21*"
Intel Core i7-14700HX ,-20%,"37,279", $495.00*
AMD Ryzen 7 9700X ,-20%,"37,219", $285.00
Intel Core i7-13850HX ,-20%,"37,217", $428.00*
Intel Core Ultra 9 285T ,-20%,"36,997", $549.00*
Intel Xeon Platinum 8280 @ 2.70GHz ,-19%,"36,830"," $2,940.00*"
Apple M3 Max 14 Core ,-19%,"36,661", NA
Intel Core i7-13700 ,-19%,"36,610", $319.93
Intel Xeon Gold 6330N @ 2.20GHz ,-19%,"36,360"," $1,915.84"
AMD EPYC 8124P ,-19%,"36,338", NA
Intel Xeon w3-2535 ,-19%,"36,181", NA
Intel Core i9-12900F ,-19%,"36,132", $359.89
Intel Xeon w5-3425 ,-19%,"35,957"," $1,189.00*"
Intel Xeon Platinum 8273CL @ 2.20GHz ,-19%,"35,871", NA
AMD Ryzen 7 7700X ,-19%,"35,854", NA
Intel Xeon Gold 5416S ,-19%,"35,654", $944.00*
Intel Xeon Gold 6248R @ 3.00GHz ,-19%,"35,434"," $1,600.00"
AMD Ryzen AI 9 HX 370 ,-19%,"35,293", NA
Intel Core i7-14650HX ,-19%,"35,168", $495.00*
ARM Neoverse-N1 80 Core 3000 MHz ,-19%,"35,123", NA
AMD EPYC 4364P ,-18%,"34,811", NA
Intel Xeon Gold 6238R @ 2.20GHz ,-18%,"34,751"," $1,329.95"
Intel Xeon w5-3433 ,-18%,"34,722", NA
Intel Xeon Platinum 8260M @ 2.40GHz ,-18%,"34,592", NA
Intel Core i7-13700E ,-18%,"34,577", $390.00*
Intel Xeon Gold 6268CL @ 2.80GHz ,-18%,"34,558", NA
AMD Ryzen 9 PRO 5945 ,-18%,"34,549", NA
Intel Core i7-12700K ,-18%,"34,485", $409.00*
AMD Ryzen 7 7700 ,-18%,"34,479", $240.00
Intel Xeon Platinum 8260C @ 2.40GHz ,-18%,"34,420", NA
Intel Xeon Gold 6242R @ 3.10GHz ,-18%,"34,282"," $1,249.95"
AMD Ryzen 7 7800X3D ,-18%,"34,263", NA
Intel Xeon Gold 6326 @ 2.90GHz ,-18%,"34,240"," $1,501.81"
Intel Xeon W-3265M @ 2.70GHz ,-18%,"34,147"," $6,353.00*"
AMD EPYC 4344P ,-18%,"34,139", $354.84
Intel Core i7-12700KF ,-18%,"34,121", $154.00
Intel Xeon Platinum 8268 @ 2.90GHz ,-18%,"34,062"," $6,005.98*"
AMD Ryzen 9 5900 ,-18%,"34,044", NA
Intel Xeon Platinum 8260M @ 2.30GHz ,-18%,"33,970"," $7,705.00*"
Intel Core i9-12900 ,-18%,"33,847", NA
Intel Xeon Gold 6338 @ 2.00GHz ,-18%,"33,814"," $1,520.46"
AMD Ryzen AI 9 HX PRO 375 ,-18%,"33,809", NA
Intel Xeon D-2799 @ 2.40GHz ,-18%,"33,792"," $1,933.00*"
Intel Xeon Silver 4510 ,-18%,"33,783", $563.00*
Intel Xeon Gold 6230R @ 2.10GHz ,-18%,"33,608", $700.00
AMD Ryzen Threadripper PRO 3945WX ,-18%,"33,497", NA
Intel Xeon Gold 6240R @ 2.40GHz ,-18%,"33,353"," $1,449.95"
AMD Ryzen 7 PRO 7745 ,-18%,"33,278", NA
AMD EPYC 7601 ,-18%,"33,255", NA
Intel Core i9-12900HX ,-18%,"33,251", $606.00*
Intel Core i5-14600 ,-17%,"33,144", $255.00*
Intel Xeon Gold 5318Y @ 2.10GHz ,-17%,"33,139"," $1,250.00"
AMD Ryzen AI Max Pro 385 ,-17%,"33,136", NA
AMD EPYC 7302 ,-17%,"33,106", $839.95
Apple M4 Pro 12 Core ,-17%,"33,103", NA
Intel Xeon Platinum 8168 @ 2.70GHz ,-17%,"33,099"," $1,298.95*"
Intel Core Ultra 5 235T ,-17%,"33,063", $247.00*
Intel Core Ultra 9 285H ,-17%,"33,017", $651.00*
Intel Core i7-13700HX ,-17%,"32,979", $485.00*
Intel Xeon Gold 6278C @ 2.60GHz ,-17%,"32,835", NA
AMD Ryzen AI 9 HX PRO 370 ,-17%,"32,708", NA
AMD EPYC 7302P ,-17%,"32,690", $799.00
AMD Ryzen 7 7745HX ,-17%,"32,642", NA
AMD Ryzen 9 3900XT ,-17%,"32,600", $375.00
AMD Ryzen 9 3900X ,-17%,"32,572", NA
Intel Xeon Gold 6254 @ 3.10GHz ,-17%,"32,494"," $1,098.95"
Intel Core i9-10980XE @ 3.00GHz ,-17%,"32,445", NA
Intel Xeon E-2488 ,-17%,"32,333", $606.00*
Intel Xeon w5-2445 ,-17%,"32,269", $839.00*
AMD Ryzen AI 9 HX 375 ,-17%,"32,252", NA
AMD Ryzen Threadripper 2990WX ,-17%,"32,044"," $2,698.95*"
AMD Ryzen 7 260 ,-17%,"31,958", NA
Intel Core i7-12800HX ,-17%,"31,938", $457.00*
Intel Xeon Silver 4316 @ 2.30GHz ,-17%,"31,903"," $1,239.95"
Intel Core Ultra 5 245T ,-17%,"31,898", $270.00*
Qualcomm Snapdragon X Elite - X1E001DE ,-17%,"31,863", NA
Intel Core 7 250H ,-17%,"31,840", NA
Intel Core i5-14500 ,-17%,"31,828", $246.99
Intel Xeon Gold 5320H @ 2.40GHz ,-17%,"31,718"," $1,555.00*"
Intel Core i5-13600 ,-17%,"31,704", $255.00*
Intel Core i9-12950HX ,-17%,"31,685", $590.00*
Intel Core i9-9980XE @ 3.00GHz ,-17%,"31,670", $735.19
AMD Ryzen 7 8700G ,-17%,"31,645", $307.89
Intel Core i5-13500 ,-17%,"31,494", $243.47
AMD Ryzen 7 8700F ,-17%,"31,430", $282.64
Intel Xeon Platinum 8259CL @ 2.50GHz ,-17%,"31,403", NA
AMD Ryzen 9 PRO 3900 ,-17%,"31,366", NA
Intel Xeon Gold 5220R @ 2.20GHz ,-17%,"31,363"," $1,050.00"
Intel Core Ultra 5 225 ,-16%,"31,321", $220.00
AMD Ryzen 7 PRO 8700G ,-16%,"31,083", NA
AMD Ryzen Threadripper 2970WX ,-16%,"31,026", $898.88
Intel Xeon W-3245 @ 3.20GHz ,-16%,"30,975"," $2,683.99*"
Intel Xeon W-2295 @ 3.00GHz ,-16%,"30,892"," $1,564.67"
Intel Core i7-12850HX ,-16%,"30,848", $428.00*
Intel Core i7-13650HX ,-16%,"30,820", $485.00*
AMD EPYC 7371 ,-16%,"30,782", $609.99*
Intel Core i7-14700T ,-16%,"30,684", $384.00*
AMD Ryzen 9 3900 ,-16%,"30,678", $504.05*
Intel Core Ultra 5 225F ,-16%,"30,675", $207.00
Intel Xeon Platinum 8171M @ 2.60GHz ,-16%,"30,632", NA
AMD EPYC Embedded 7292P ,-16%,"30,542", NA
Intel Core i7-12700 ,-16%,"30,513", $246.71
Intel Core i7-12700F ,-16%,"30,471", $234.99
Intel Xeon Gold 6246R @ 3.40GHz ,-16%,"30,468"," $1,601.44"
Intel Xeon Platinum 8260 @ 2.40GHz ,-16%,"30,347"," $1,640.00*"
Intel Xeon Platinum 8180M @ 2.50GHz ,-16%,"30,313", NA
Intel Core i9-9990XE @ 4.00GHz ,-16%,"30,162"," $2,163.00*"
AMD Ryzen 9 7940HS ,-16%,"30,149", NA
AMD Ryzen 7 8745H ,-16%,"30,125", NA
AMD Ryzen 9 8945H ,-16%,"30,121", NA
Intel Core i9-9960X @ 3.10GHz ,-16%,"30,120", NA
Intel Xeon W-3265 @ 2.70GHz ,-16%,"30,105"," $4,551.37*"
AMD Ryzen 5 9600X ,-16%,"30,035", $185.00
Intel Xeon Platinum 8270 @ 2.70GHz ,-16%,"29,986"," $3,433.86*"
Intel Core i9-7980XE @ 2.60GHz ,-16%,"29,953"," $3,235.10*"
Intel Xeon Gold 6248 @ 2.50GHz ,-16%,"29,944", $192.00
AMD EPYC 7282 ,-16%,"29,929", $135.00
AMD Ryzen 9 8945HS ,-16%,"29,896", NA
ARM Neoverse-N1 96 Core 2800 MHz ,-16%,"29,890", NA
Intel Xeon Silver 4510T ,-16%,"29,830", $624.00*
Intel Core i9-13905H ,-16%,"29,748", $697.00*
AMD Ryzen Threadripper 2950X ,-16%,"29,583", $698.88*
Intel Core i9-12900T ,-16%,"29,561", $489.00*
Intel Core i9-13900HK ,-15%,"29,485", $697.00*
AMD Ryzen 5 9600 ,-15%,"29,481", NA
AMD Ryzen AI 7 H 350 ,-15%,"29,441", NA
Intel Core Ultra 9 185H ,-15%,"29,434", NA
Intel Core i5-13500HX ,-15%,"29,348", $326.00*
Intel Xeon Gold 6210U @ 2.50GHz ,-15%,"29,344"," $1,096.86*"
AMD Ryzen 7 PRO 8845HS ,-15%,"29,306", NA
Intel Xeon Gold 5318H @ 2.50GHz ,-15%,"29,301"," $1,273.00*"
AMD Ryzen AI 9 365 ,-15%,"29,265", NA
AMD Ryzen 7 8745HS ,-15%,"29,221", NA
Intel Core Ultra 7 255H ,-15%,"29,203", NA
Intel Xeon Gold 6148 @ 2.40GHz ,-15%,"29,106", $290.00
AMD Ryzen 9 PRO 8945HS ,-15%,"29,054", NA
Intel Xeon Silver 4314 @ 2.40GHz ,-15%,"28,917", $909.45
Intel Core Ultra 5 225H ,-15%,"28,891", NA
Intel Xeon Platinum 8160 @ 2.10GHz ,-15%,"28,825"," $1,179.91"
AMD Ryzen 7 7840HS ,-15%,"28,780", NA
Intel Xeon Silver 4410T ,-15%,"28,759", $757.20
Intel Core i5-14500HX ,-15%,"28,746", $337.00*
Intel Xeon Gold 6238 @ 2.10GHz ,-15%,"28,668", $720.29
Intel Core i5-14490F ,-15%,"28,662", NA
AMD Ryzen 7 8845HS ,-15%,"28,650", NA
AMD Ryzen 9 7940H ,-15%,"28,600", NA
AMD EPYC 7303 ,-15%,"28,572", $604.00*
Intel Xeon Gold 6253CL @ 3.10GHz ,-15%,"28,549", NA
Intel Xeon D-2795NT @ 2.00GHz ,-15%,"28,463"," $2,228.00*"
Intel Xeon Silver 4514Y ,-15%,"28,456", $778.55
AMD Ryzen 5 7600X ,-15%,"28,433", NA
Intel Xeon w5-3423 ,-15%,"28,415"," $1,189.00*"
Intel Xeon W-2191B @ 2.30GHz ,-15%,"28,394", NA
AMD Ryzen 7 5800X3D ,-15%,"28,303", NA
AMD Ryzen 7 PRO 8700GE ,-15%,"28,234", NA
AMD Ryzen 9 PRO 7940HS ,-15%,"28,153", NA
Intel Xeon Platinum 8252C @ 3.80GHz ,-15%,"28,147", NA
Intel Core i9-7960X @ 2.80GHz ,-15%,"28,125", NA
Intel Xeon Gold 6434 ,-15%,"28,111"," $2,359.45"
Intel Core i9-9940X @ 3.30GHz ,-15%,"28,097", NA
Intel Core i5-13600HX ,-15%,"28,078", $284.00*
Intel Xeon W-3245M @ 3.20GHz ,-15%,"28,067"," $5,002.00*"
Intel Core i7-13700T ,-15%,"28,058", $384.00*
AMD Ryzen 7 5800XT ,-15%,"28,054", $129.00
ARM Neoverse-N1 64 Core 0 MHz ,-15%,"28,044", NA
Intel Core i5-13500E ,-15%,"28,036", $235.00*
Intel Xeon Platinum 8173M @ 2.00GHz ,-15%,"28,025", NA
Intel Core i9-13900H ,-15%,"27,958", $617.00*
Intel Xeon W-2195 @ 2.30GHz ,-15%,"27,914"," $2,800.00*"
AMD Ryzen 7 7840H ,-15%,"27,901", NA
Intel Xeon W-2275 @ 3.30GHz ,-15%,"27,893", $840.00*
Intel Core i5-12600KF ,-15%,"27,851", NA
AMD EPYC 7401P ,-15%,"27,836"," $2,499.99"
Intel Xeon W-3323 @ 3.50GHz ,-15%,"27,822", $949.00*
Intel Core i9-10940X @ 3.30GHz ,-15%,"27,803", NA
Intel Core i9-12900E ,-15%,"27,774", NA
AMD Ryzen 7 5800X ,-15%,"27,771", NA
Intel Xeon Gold 6154 @ 3.00GHz ,-15%,"27,717", $543.97
AMD Ryzen Threadripper 1950X ,-14%,"27,643", $621.95*
Intel Core i5-12600K ,-14%,"27,632", $180.97
AMD Ryzen 5 PRO 7645 ,-14%,"27,608", NA
Intel Core i9-12900H ,-14%,"27,526", $617.00*
Intel Xeon Gold 6212U @ 2.40GHz ,-14%,"27,470"," $3,882.70*"
Intel Xeon Gold 5317 @ 3.00GHz ,-14%,"27,448"," $1,194.29"
AMD EPYC 7571 ,-14%,"27,445", NA
Intel Xeon E-2478 ,-14%,"27,326", $556.00*
Intel Xeon D-2775TE @ 2.00GHz ,-14%,"27,299"," $1,820.00*"
AMD EPYC 72F3 ,-14%,"27,252"," $1,178.27"
Intel Xeon Gold 6230 @ 2.10GHz ,-14%,"27,210", $313.29
AMD EPYC 4244P ,-14%,"27,154", NA
Intel Xeon Gold 6252 @ 2.10GHz ,-14%,"27,148"," $1,006.40"
Intel Core i7-12700E ,-14%,"27,132", $599.96*
AMD Ryzen 7 PRO 8840HS ,-14%,"27,104", NA
Intel Core i5-14600T ,-14%,"27,055", $255.00*
AMD Ryzen 5 7600 ,-14%,"27,052", $198.90
Intel Core i5-13400E ,-14%,"27,000", NA
AMD Ryzen 7 8845H ,-14%,"26,912", NA
Intel Core i5-13600T ,-14%,"26,867", $255.00*
Intel Xeon Gold 6150 @ 2.70GHz ,-14%,"26,851", $196.00
AMD Ryzen 5 7500F ,-14%,"26,843", NA
AMD Ryzen 7 PRO 7840HS ,-14%,"26,802", NA
Apple M2 Max 12 Core 3680 MHz ,-14%,"26,777", NA
Intel Core i7-13800H ,-14%,"26,674", $457.00*
Intel Xeon Platinum 8175M @ 2.50GHz ,-14%,"26,659", NA
Apple M2 Pro 12 Core 3480 MHz ,-14%,"26,642", NA
AMD Ryzen 7 5700X ,-14%,"26,631", NA
Intel Core i7-13700H ,-14%,"26,561", $502.00*
AMD Ryzen 5 7645HX ,-14%,"26,476", NA
Intel Xeon w3-2435 ,-14%,"26,448", $669.00*
Intel Core Ultra 7 165H ,-14%,"26,423", NA
Intel Xeon E5-2699A v4 @ 2.40GHz ,-14%,"26,420"," $4,938.00*"
Intel Xeon D-2796TE @ 2.00GHz ,-14%,"26,342"," $2,184.00*"
AMD Ryzen 7 5700X3D ,-14%,"26,312", $269.95
Intel Xeon Gold 6226R @ 2.90GHz ,-14%,"26,297", NA
Intel Xeon E-2468 ,-14%,"26,224", $426.00*
Intel Core i5-13490F ,-14%,"26,128", $194.99
Intel Core i9-12900HK ,-14%,"26,084", $635.00*
Intel Core i9-10920X @ 3.50GHz ,-14%,"26,076", NA
Hygon C86-4G (OPN:3490) ,-14%,"26,064", NA
AMD Ryzen 7 PRO 5845 ,-14%,"26,043", NA
AMD EPYC 7351P ,-14%,"26,042", $115.00
Intel Core i7-14701E ,-14%,"25,959", $392.00*
AMD Ryzen Threadripper 2990X ,-14%,"25,874", NA
AMD EPYC 7451 ,-14%,"25,863"," $1,787.00*"
Intel Xeon Gold 5515+ ,-14%,"25,855"," $1,099.00*"
Intel Core i7-12700H ,-13%,"25,819", $457.00*
AMD Ryzen 7 5800 ,-13%,"25,808", NA
Intel Core i5-14400F ,-13%,"25,770", $117.00
AMD Ryzen 5 7400F ,-13%,"25,719", NA
Intel Core i9-7940X @ 3.10GHz ,-13%,"25,656", NA
AMD Ryzen 5 7600X3D ,-13%,"25,626", NA
Intel Xeon W-2265 @ 3.50GHz ,-13%,"25,622", $875.00*
AMD EPYC 7551 ,-13%,"25,606", $127.95
Intel Xeon E5-2698R v4 @ 2.20GHz ,-13%,"25,605", NA
Intel Xeon W-3235 @ 3.30GHz ,-13%,"25,554"," $1,998.95*"
Intel Core Ultra 5 235H ,-13%,"25,548", NA
AMD Ryzen AI 7 PRO 350 ,-13%,"25,491", NA
Intel Xeon Gold 6142 @ 2.60GHz ,-13%,"25,490", $406.69
Intel Xeon Platinum 8167M @ 2.00GHz ,-13%,"25,396", NA
AMD Ryzen 5 8600G ,-13%,"25,350", $188.96*
Intel Xeon Platinum 8124M @ 3.00GHz ,-13%,"25,350", NA
Intel Core i5-13450HX ,-13%,"25,262", $326.00*
Intel Core i5-14400 ,-13%,"25,262", $176.97
AMD Ryzen Threadripper 2920X ,-13%,"25,236", $225.10
AMD EPYC 7272 ,-13%,"25,161", $427.94
Intel Xeon W-1390P @ 3.50GHz ,-13%,"25,159", NA
Intel Xeon E5-2699 v4 @ 2.20GHz ,-13%,"25,131"," $1,595.95"
AMD Ryzen Z1 Extreme ,-13%,"25,090", NA
Intel Core i9-9920X @ 3.50GHz ,-13%,"25,081", NA
Intel Core i5-13400F ,-13%,"25,080", $134.45
Intel Core i9-11900K @ 3.50GHz ,-13%,"25,057", NA
Intel Xeon Gold 6242 @ 2.80GHz ,-13%,"24,994", $550.00
Intel Core Ultra 7 155H ,-13%,"24,971", $503.00*
Intel Xeon Gold 5415+ ,-13%,"24,950"," $1,066.00*"
AMD Ryzen 7 7840U ,-13%,"24,942", NA
AMD EPYC 7501 ,-13%,"24,925"," $1,325.96*"
Intel Xeon E5-2696 v4 @ 2.20GHz ,-13%,"24,917"," $1,829.95"
Intel Core i5-14450HX ,-13%,"24,917", $337.00*
Apple M3 Pro 11 Core ,-13%,"24,865", NA
Intel Core i7-12800HE ,-13%,"24,841", $506.00*
AMD Ryzen 5 PRO 8600G ,-13%,"24,821", NA
Intel Core i9-11900KF @ 3.50GHz ,-13%,"24,789", $345.00
Intel Xeon Gold 6143 @ 2.80GHz ,-13%,"24,786", NA
Intel Xeon Silver 4410Y ,-13%,"24,775", $563.00*
Intel Xeon Gold 5218R @ 2.10GHz ,-13%,"24,742", $790.41
AMD Ryzen 7 8840HS ,-13%,"24,714", NA
Intel Xeon Gold 6240 @ 2.60GHz ,-13%,"24,677", $630.00
Intel Xeon Gold 6208U @ 2.90GHz ,-13%,"24,670", $950.00
AMD Ryzen 7 PRO 7840U ,-13%,"24,630", NA
AMD Ryzen 7 7435H ,-13%,"24,610", NA
Apple M3 Pro 12 Core ,-13%,"24,526", NA
Intel Core i7-12800H ,-13%,"24,521", $457.00*
AMD Ryzen 5 8400F ,-13%,"24,495", $148.98
AMD Ryzen 7 5700G ,-13%,"24,467", $147.00
Qualcomm Snapdragon X Elite - X1E-84-100 ,-13%,"24,446", NA
Intel Core i7-11700K @ 3.60GHz ,-13%,"24,444", NA
Intel Xeon Gold 6140 @ 2.30GHz ,-13%,"24,421", $426.34
AMD Ryzen 9 6900HX ,-13%,"24,419", NA
AMD Ryzen AI 7 350 ,-13%,"24,404", NA
Intel Core i7-13620H ,-13%,"24,348", $502.00*
Intel Xeon W-2170B @ 2.50GHz ,-13%,"24,299", NA
Intel Xeon Gold 6152 @ 2.10GHz ,-13%,"24,287", $601.15
AMD Ryzen 7 PRO 5750G ,-13%,"24,272", NA
Intel Xeon Gold 6222V @ 1.80GHz ,-13%,"24,254"," $1,710.89*"
AMD Ryzen 7 5700 ,-13%,"24,228", $136.99
AMD Ryzen 5 PRO 8600GE ,-13%,"24,156", NA
Intel Xeon Gold 5220 @ 2.20GHz ,-13%,"24,154"," $1,025.38"
Intel Xeon Gold 6138 @ 2.00GHz ,-13%,"24,146", $215.60
Apple M4 10 Core ,-13%,"24,142", NA
Intel Xeon E5-2679 v4 @ 2.50GHz ,-13%,"24,131"," $2,702.00*"
Intel Core i5-12600HX ,-13%,"24,089", $284.00*
Intel Core i7-13705H ,-13%,"24,052", $502.00*
Intel Xeon Silver 4216R @ 2.20GHz ,-13%,"24,027", NA
Intel Xeon D-2766NT @ 2.00GHz ,-13%,"24,013"," $1,224.00*"
AMD Ryzen 7 PRO 8840U ,-12%,"23,966", NA
Intel Xeon W-1390 @ 2.80GHz ,-12%,"23,902", $573.99*
Intel Core i7-11700KF @ 3.60GHz ,-12%,"23,830", NA
AMD Ryzen 7 7735H ,-12%,"23,791", NA
Intel Xeon Gold 6122 @ 1.80GHz ,-12%,"23,781"," $2,002.00*"
AMD Ryzen 9 PRO 6950H ,-12%,"23,674", NA
Intel Core Ultra 5 225T ,-12%,"23,640", NA
AMD Ryzen 7 7840S ,-12%,"23,637", NA
Intel Core i5-12600HL ,-12%,"23,615", $311.00*
Intel Xeon E E-2486 ,-12%,"23,605", $506.00*
Intel Core i5-13400 ,-12%,"23,595", $160.97
AMD Ryzen 7 3800XT ,-12%,"23,570", $419.00
AMD Ryzen 7 7435HS ,-12%,"23,568", NA
Intel Core i9-7920X @ 2.90GHz ,-12%,"23,558", $145.00
AMD Ryzen 7 250 ,-12%,"23,552", NA
Intel Xeon E-2388G @ 3.20GHz ,-12%,"23,537", $539.00*
AMD Ryzen 9 5980HX ,-12%,"23,527", NA
AMD Ryzen 5 PRO 8640U ,-12%,"23,509", NA
Intel Core i5-13600HE ,-12%,"23,483", $317.00*
Intel Xeon W-2175 @ 2.50GHz ,-12%,"23,413", $432.00*
AMD Ryzen 7 7735HS ,-12%,"23,366", NA
AMD Ryzen 7 8840U ,-12%,"23,343", NA
AMD Ryzen 7 PRO 6850H ,-12%,"23,339", NA
Intel Xeon Gold 6146 @ 3.20GHz ,-12%,"23,296", $784.00
AMD Ryzen 9 6900HS ,-12%,"23,292", NA
Intel Xeon Gold 6256 @ 3.60GHz ,-12%,"23,287"," $3,298.95"
Intel Core i5-13600H ,-12%,"23,282", $311.00*
Intel Core i5-14500T ,-12%,"23,237", $232.00*
Qualcomm Snapdragon X Elite - X1E-80-100 ,-12%,"23,232", NA
AMD Ryzen 5 PRO 8645HS ,-12%,"23,227", NA
AMD EPYC 7351 ,-12%,"23,226", $649.00*
Intel Xeon Platinum 8176 @ 2.10GHz ,-12%,"23,179"," $2,793.70*"
AMD Ryzen 7 6800H ,-12%,"23,171", NA
Intel Core 7 240H ,-12%,"23,154", NA
AMD EPYC 7F32 ,-12%,"23,142", $199.95
AMD Ryzen Threadripper 1920X ,-12%,"23,105", $235.00
AMD Ryzen 7 3800X ,-12%,"23,077", NA
Qualcomm Snapdragon X Elite - X1E-78-100 ,-12%,"22,977", NA
AMD Ryzen 5 7640HS ,-12%,"22,973", NA
Intel Xeon W-1370 @ 2.90GHz ,-12%,"22,926", $468.99*
Intel Core i9-12900TE ,-12%,"22,887", $544.00*
AMD Ryzen 7 PRO 3700 ,-12%,"22,830", $329.99*
Intel Core i5-12600HE ,-12%,"22,827", $315.00*
Intel Xeon W-1370P @ 3.60GHz ,-12%,"22,814", $508.99*
AMD Ryzen 7 6800HS ,-12%,"22,806", NA
Intel Core i9-11900KB @ 3.30GHz ,-12%,"22,781", $539.00*
AMD Ryzen 9 PRO 6950HS ,-12%,"22,778", NA
Intel Core i7-13700TE ,-12%,"22,754", $390.00*
Intel Core i5-13500T ,-12%,"22,749", $232.00*
AMD Ryzen 7 6810U ,-12%,"22,741", NA
AMD Ryzen 5 8645HS ,-12%,"22,691", NA
Intel Xeon Platinum P-8124 @ 3.00GHz ,-12%,"22,674", NA
Intel Xeon Gold 6246 @ 3.30GHz ,-12%,"22,571"," $3,113.22*"
Intel Core i9-10900K @ 3.70GHz ,-12%,"22,562", NA
AMD Ryzen 5 PRO 7640HS ,-12%,"22,545", NA
Intel Core i9-11980HK @ 2.60GHz ,-12%,"22,514", $583.00*
Intel Xeon E5-2698 v4 @ 2.20GHz ,-12%,"22,513", $908.70*
AMD Ryzen 7 3700X ,-12%,"22,482", NA
Intel Core i9-11900 @ 2.50GHz ,-12%,"22,457", NA
Intel Core i9-10900X @ 3.70GHz ,-12%,"22,440", NA
Intel Xeon W-1290P @ 3.70GHz ,-12%,"22,440", $649.40*
Intel Xeon W-2255 @ 3.70GHz ,-12%,"22,408", $525.00*
Intel Core Ultra 5 135H ,-12%,"22,408", NA
AMD Ryzen 9 5900HX ,-12%,"22,391", NA
Intel Core i9-10900KF @ 3.70GHz ,-12%,"22,383", NA
AMD Ryzen 7 PRO 6850HS ,-12%,"22,330", NA
Intel Core i5-14400T ,-12%,"22,290", $221.00*
Apple M4 9 Core ,-12%,"22,249", NA
Intel Core i9-11900F @ 2.50GHz ,-12%,"22,241", NA
Intel Xeon Gold 6132 @ 2.60GHz ,-12%,"22,205", $65.00
Intel Core i7-12650H ,-12%,"22,199", $457.00*
Intel Xeon W-11955M @ 2.60GHz ,-12%,"22,188", $623.00*
AMD Ryzen 5 5600XT ,-12%,"22,174", $169.00*
Intel Core i7-11700B @ 3.20GHz ,-12%,"22,168", NA
AMD Ryzen 5 5600T ,-11%,"22,136", $153.99
Apple M1 Max 10 Core 3200 MHz ,-11%,"22,130", NA
Intel Core i9-10850K @ 3.60GHz ,-11%,"22,112", NA
AMD Ryzen 5 PRO 8500G ,-11%,"22,108", NA
AMD Ryzen Threadripper 1920 ,-11%,"22,066", NA
Intel Xeon Silver 4310 @ 2.10GHz ,-11%,"22,049", $475.00
Intel Core i5-13500H ,-11%,"22,038", NA
AMD Ryzen 7 5700GE ,-11%,"22,028", NA
Intel Xeon E-2436 ,-11%,"21,987", $319.00*
AMD Ryzen AI 5 PRO 340 ,-11%,"21,927", NA
Intel Core i7-1370PE ,-11%,"21,920", $441.00*
AMD Ryzen 5 PRO 5645 ,-11%,"21,904", NA
Apple M1 Pro 10 Core 3200 MHz ,-11%,"21,898", NA
AMD Ryzen 5 5600X ,-11%,"21,866", NA
Apple M2 Pro 10 Core 3480 MHz ,-11%,"21,865", NA
AMD Ryzen 5 5600X3D ,-11%,"21,833", NA
Intel Xeon Gold 6262 @ 1.90GHz ,-11%,"21,823", NA
AMD Ryzen 5 PRO 8500GE ,-11%,"21,814", NA
Intel Xeon Gold 6130T @ 2.10GHz ,-11%,"21,804"," $2,550.00*"
AMD Ryzen 7 7736U ,-11%,"21,725", NA
Intel Core i9-9900X @ 3.50GHz ,-11%,"21,679", NA
Intel Xeon E5-2697A v4 @ 2.60GHz ,-11%,"21,676", NA
Intel Xeon Gold 5218 @ 2.30GHz ,-11%,"21,671", $340.00
AMD Ryzen 5 8500G ,-11%,"21,650", $143.00
AMD EPYC 7281 ,-11%,"21,621", $752.91*
Intel Xeon E7-8891 v3 @ 2.80GHz ,-11%,"21,615"," $6,841.00*"
AMD Ryzen 7 PRO 5750GE ,-11%,"21,614", NA
Intel Xeon E5-2696 v3 @ 2.30GHz ,-11%,"21,607", $546.99*
AMD Ryzen 7 6800HS Creator Edition ,-11%,"21,589", NA
Qualcomm Snapdragon X Plus X1P-64-100 ,-11%,"21,575", NA
AMD Ryzen 5 5600 ,-11%,"21,557", NA
AMD Ryzen 9 6900HS Creator Edition ,-11%,"21,517", NA
Intel Core i5-12600 ,-11%,"21,506", NA
Intel Core i5-12600H ,-11%,"21,463", $311.00*
Intel Core i9-10910 @ 3.60GHz ,-11%,"21,449", NA
Intel Xeon Gold 5218T @ 2.10GHz ,-11%,"21,433"," $1,349.00*"
AMD Ryzen 9 5900HS ,-11%,"21,427", NA
AMD Ryzen 5 240 ,-11%,"21,380", NA
Intel Core i7-12700T ,-11%,"21,373", $339.00*
Intel Core i7-11850HE @ 2.60GHz ,-11%,"21,365", $440.00*
AMD Ryzen 5 PRO 7640U ,-11%,"21,287", NA
Intel Xeon E5-2699C v4 @ 2.20GHz ,-11%,"21,275", NA
Intel Core Ultra 5 125H ,-11%,"21,249", NA
Intel Core i5-13500TE ,-11%,"21,242", $235.00*
AMD Ryzen 5 7640U ,-11%,"21,205", NA
AMD Ryzen 7 5800HS Creator Edition ,-11%,"21,166", NA
Intel Xeon E-2378G @ 2.80GHz ,-11%,"21,153", $604.03
Intel Xeon W-2155 @ 3.30GHz ,-11%,"21,110"," $1,530.39*"
AMD Ryzen AI 7 PRO 360 ,-11%,"21,095", NA
AMD Ryzen 5 PRO 8640HS ,-11%,"21,042", NA
Intel Xeon E5-2697 v4 @ 2.30GHz ,-11%,"21,033"," $1,277.90"
Intel Core i9-7900X @ 3.30GHz ,-11%,"21,033", $325.00
AMD Ryzen AI 5 340 ,-11%,"21,029", NA
Intel Core i9-11950H @ 2.60GHz ,-11%,"21,011", $556.00*
Intel Core i7-7900X @ 3.30GHz ,-11%,"21,008", NA
Intel Xeon Gold 6136 @ 3.00GHz ,-11%,"20,977", $798.94
Apple M4 8 Core ,-11%,"20,940", NA
AMD Ryzen 7 7735U ,-11%,"20,897", NA
AMD Ryzen 7 PRO 5755GE ,-11%,"20,894", NA
AMD Ryzen 7 5800H ,-11%,"20,877", NA
Intel Xeon Silver 4216 @ 2.10GHz ,-11%,"20,877", NA
Intel Core Ultra 9 288V ,-11%,"20,875", NA
Intel Xeon E5-2697R v4 @ 2.30GHz ,-11%,"20,843", NA
Intel Xeon E5-2673 v4 @ 2.30GHz ,-11%,"20,822", $89.00*
Intel Xeon Gold 5315Y @ 3.20GHz ,-11%,"20,820"," $1,498.95"
Intel Core i7-11700F @ 2.50GHz ,-11%,"20,808", NA
AMD Ryzen 5 8500GE ,-11%,"20,792", NA
AMD EPYC 7262 ,-11%,"20,779", $507.50
AMD Ryzen 7 PRO 6850U ,-11%,"20,771", NA
Intel Core i7-11700 @ 2.50GHz ,-11%,"20,713", NA
Intel Xeon Gold 6130 @ 2.10GHz ,-11%,"20,711", $949.00
Intel Core i5-12500H ,-11%,"20,710", $311.00*
Intel Core i5-12500E ,-11%,"20,699", $225.00*
AMD Ryzen 9 5900HS Creator Edition ,-11%,"20,691", NA
AMD Ryzen 5 PRO 5650G ,-11%,"20,660", NA
Intel Xeon Gold 6138T @ 2.00GHz ,-11%,"20,649"," $7,401.00*"
AMD Ryzen 7 PRO 6860Z ,-11%,"20,630", NA
Intel Xeon D-2753NT @ 2.00GHz ,-11%,"20,626", NA
Intel Core i7-12650HX ,-11%,"20,612", $472.00*
Intel Xeon Silver 4310T @ 2.30GHz ,-11%,"20,607", $717.34
AMD Ryzen 5 PRO 5655G ,-11%,"20,566", NA
AMD Ryzen 9 5900H ,-11%,"20,557", NA
AMD EPYC 8024P ,-11%,"20,556", NA
Intel Xeon Gold 6250 @ 3.90GHz ,-11%,"20,552"," $3,071.36"
Intel Xeon W-2150B @ 3.00GHz ,-11%,"20,530", NA
AMD Ryzen 5 PRO 230 ,-11%,"20,518", NA
Intel Xeon Gold 6334 @ 3.60GHz ,-11%,"20,512"," $1,842.45"
Intel Xeon E-2456 ,-11%,"20,507", $375.00*
AMD Ryzen 9 5980HS ,-11%,"20,443", NA
Intel Xeon Gold 6226 @ 2.70GHz ,-11%,"20,429", $769.95
Intel Core i9-9820X @ 3.30GHz ,-11%,"20,429", NA
AMD Ryzen 5 8640U ,-11%,"20,409", NA
AMD Ryzen 5 5600GT ,-11%,"20,357", $144.37
AMD Ryzen 7 PRO 4750G ,-11%,"20,347", $297.38*
Intel Core i3-12300HL ,-11%,"20,321", NA
Intel Xeon E5-4667 v4 @ 2.20GHz ,-11%,"20,319"," $5,729.00*"
Intel Core i5-13400T ,-11%,"20,316", $221.00*
Intel Core i7-1280P ,-11%,"20,314", $482.00*
Intel Core i9-11900H @ 2.50GHz ,-11%,"20,307", $546.00*
AMD Ryzen 7 6800U ,-10%,"20,291", NA
Intel Xeon D-1747NTE @ 2.50GHz ,-10%,"20,279"," $1,201.00*"
Intel Core Ultra 7 268V ,-10%,"20,278", NA
AMD Ryzen 5 5500GT ,-10%,"20,270", $209.63
ARM Neoverse-N1 64 Core 2200 MHz ,-10%,"20,250", NA
AMD Ryzen Embedded V3C48 ,-10%,"20,203", NA
Intel Core Ultra 7 266V ,-10%,"20,189", $520.00*
Intel Core i7-11850H @ 2.50GHz ,-10%,"20,185", $395.00*
Intel Core i7-1370P ,-10%,"20,170", NA
Intel Core i5-12490F ,-10%,"20,165", NA
AMD Ryzen 5 220 ,-10%,"20,161", NA
Intel Core i7-11800H @ 2.30GHz ,-10%,"20,124", $395.00*
AMD Ryzen 7 4700G ,-10%,"20,106", $235.12*
Intel Xeon W-1290 @ 3.20GHz ,-10%,"20,073", $588.67*
Intel Xeon E5-2699 v3 @ 2.30GHz ,-10%,"20,052", $529.95
Intel Core Ultra 7 256V ,-10%,"20,051", NA
Intel Xeon Gold 6144 @ 3.50GHz ,-10%,"19,993", $591.86
Intel Xeon E5-2686 v4 @ 2.30GHz ,-10%,"19,933", NA
AMD Ryzen 5 8640HS ,-10%,"19,922", NA
Intel Core i5-1250P ,-10%,"19,915", NA
Intel Core 5 220H ,-10%,"19,871", NA
Intel Core i5-12500 ,-10%,"19,852", $202.00*
Intel Xeon Gold 6126 @ 2.60GHz ,-10%,"19,811", $147.00
AMD Ryzen 5 5600G ,-10%,"19,800", NA
Intel Core i9-10900F @ 2.80GHz ,-10%,"19,798", NA
Intel Core Ultra 7 255U ,-10%,"19,791", NA
AMD Ryzen 7 5800HS ,-10%,"19,739", NA
AMD Ryzen 5 230 ,-10%,"19,681", NA
AMD Ryzen 7 4700GE ,-10%,"19,674", NA
Intel Xeon E-2386G @ 3.50GHz ,-10%,"19,658", $579.88*
AMD Ryzen 5 PRO 7545U ,-10%,"19,626", NA
Intel Xeon W-1350P @ 4.00GHz ,-10%,"19,611", $372.23*
AMD Ryzen 7 PRO 250 w/ Radeon 780M Graphics ,-10%,"19,597", NA
Intel Xeon W-11865MRE @ 2.60GHz ,-10%,"19,589", $480.00*
Intel Core i5-11600K @ 3.90GHz ,-10%,"19,547", NA
Intel Core i5-11600KF @ 3.90GHz ,-10%,"19,534", NA
AMD EPYC 3451 ,-10%,"19,532", NA
Intel Core i7-12700TE ,-10%,"19,507", $344.00*
Intel Core i9-9900KS @ 4.00GHz ,-10%,"19,472", NA
Intel Core i5-12400F ,-10%,"19,469", NA
Intel Core i9-10900E @ 2.80GHz ,-10%,"19,469", $444.00*
Intel Xeon W-2245 @ 3.90GHz ,-10%,"19,468", $688.56
Intel Core i9-10900 @ 2.80GHz ,-10%,"19,453", NA
AMD Ryzen 7 PRO 4700G ,-10%,"19,439", NA
Intel CoreT i5-1350P ,-10%,"19,429", NA
AMD EPYC 7252 ,-10%,"19,411", NA
Intel Xeon E5-2690 v4 @ 2.60GHz ,-10%,"19,378", NA
Intel Xeon D-2183IT @ 2.20GHz ,-10%,"19,377"," $1,764.00*"
Intel Xeon Gold 6137 @ 3.90GHz ,-10%,"19,365", NA
AMD Ryzen 5 5500 ,-10%,"19,345", NA
AMD Ryzen 7 PRO 5800H ,-10%,"19,313", NA
Intel Core Ultra 5 238V ,-10%,"19,272", $454.00*
Apple M3 8 Core ,-10%,"19,205", NA
Intel Core Ultra 5 236V ,-10%,"19,176", $403.00*
Intel Core i5-12400 ,-10%,"19,176", $192.00*
AMD Ryzen 9 4900H ,-10%,"19,168", NA
Intel Core Ultra 7 258V ,-10%,"19,158", NA
Intel Core 5 210H ,-10%,"19,157", NA
Intel Xeon D-2752TER @ 1.80GHz ,-10%,"19,102"," $1,104.00*"
Intel Core i5-1350P ,-10%,"19,062", $320.00*
Intel Xeon W-1290E @ 3.50GHz ,-10%,"19,060", $500.00*
AMD Ryzen 7 Pro 7735U ,-10%,"19,013", NA
Intel Xeon E5-2698 v3 @ 2.30GHz ,-10%,"18,979"," $8,790.00*"
Intel Xeon E5-2676 v4 @ 2.40GHz ,-10%,"18,978", NA
Intel Xeon w3-2425 ,-10%,"18,941", $529.00*
Intel Xeon E5-2695 v4 @ 2.10GHz ,-10%,"18,903"," $6,208.00*"
Intel Xeon Silver 4309Y @ 2.80GHz ,-10%,"18,898", $575.00
AMD Ryzen 9 4900HS ,-10%,"18,898", NA
Intel Core Ultra 5 226V ,-10%,"18,872", NA
Hygon C86 7255 16-core ,-10%,"18,831", NA
Intel Core i5-1340P ,-10%,"18,824", $353.00*
ARM Neoverse-N1 80 Core 2600 MHz ,-10%,"18,823", NA
Intel Core i7-1360P ,-10%,"18,799", $480.00*
Intel Xeon E5-2682 v4 @ 2.50GHz ,-10%,"18,795", NA
Intel Xeon W-1350 @ 3.30GHz ,-10%,"18,775", $335.99*
Intel Core i9-11900T @ 1.50GHz ,-10%,"18,757", $439.00*
Intel Xeon Silver 4509Y ,-10%,"18,749", NA
AMD Ryzen 5 7540U ,-10%,"18,680", NA
AMD Ryzen 5 6600H ,-10%,"18,680", NA
Intel Core i7-10700K @ 3.80GHz ,-10%,"18,657", NA
Intel Xeon Gold 6244 @ 3.60GHz ,-10%,"18,657"," $2,970.00*"
AMD EPYC 4124P ,-10%,"18,637", NA
Intel Xeon W-1270E @ 3.40GHz ,-10%,"18,635", $367.00*
AMD Ryzen 5 3600XT ,-10%,"18,581", NA
Intel Xeon E-2356G @ 3.20GHz ,-10%,"18,564", $333.00*
AMD Ryzen 5 5600GE ,-10%,"18,514", NA
AMD Ryzen 7 PRO 7730U ,-10%,"18,507", NA
Intel Core Ultra 5 225U ,-10%,"18,476", NA
Intel Core i7-10700KF @ 3.80GHz ,-10%,"18,465", NA
AMD Ryzen 7 PRO 4750GE ,-9%,"18,446", NA
AMD Ryzen AI Max 385 ,-9%,"18,441", NA
AMD Ryzen Embedded V2748 ,-9%,"18,434", NA
AMD Ryzen Z1 ,-9%,"18,425", NA
Intel Core i7-1370PRE ,-9%,"18,420", $477.00*
Intel Xeon W-1290T @ 1.90GHz ,-9%,"18,409", $494.00*
AMD Ryzen 5 8540U ,-9%,"18,391", NA
AMD Ryzen 5 PRO 8540U ,-9%,"18,383", NA
Intel Core i5-1250PE ,-9%,"18,365", $355.00*
Intel Xeon Gold 5120 @ 2.20GHz ,-9%,"18,341"," $1,561.00*"
Intel Xeon E5-2697 v3 @ 2.60GHz ,-9%,"18,326", NA
AMD Ryzen 5 PRO 5650GE ,-9%,"18,314", NA
AMD Ryzen 7 5800U ,-9%,"18,313", NA
Intel Core i5-12450HX ,-9%,"18,306", NA
AMD Ryzen 7 4800H ,-9%,"18,304", NA
AMD Ryzen 7 7730U ,-9%,"18,278", NA
Intel Xeon W-3225 @ 3.70GHz ,-9%,"18,251"," $1,319.00*"
Intel Xeon E7-8880 v3 @ 2.30GHz ,-9%,"18,244", $133.00*
AMD Ryzen 7 5825U ,-9%,"18,228", NA
Intel Core i9-9900K @ 3.60GHz ,-9%,"18,182", NA
AMD Ryzen 5 3600X ,-9%,"18,168", NA
AMD Ryzen 7 4800HS ,-9%,"18,149", NA
Intel Xeon E5-2686 v3 @ 2.00GHz ,-9%,"18,148", NA
Intel Core i9-9900KF @ 3.60GHz ,-9%,"18,144", NA
Intel Xeon Gold 5120T @ 2.20GHz ,-9%,"18,127"," $1,727.00*"
Snapdragon X Plus - X1P42100 - Qualcomm Ory ,-9%,"18,118", NA
Intel Core Ultra 7 265U ,-9%,"18,111", NA
AMD Ryzen 5 6600HS Creator Edition ,-9%,"18,106", NA
Intel Core Ultra 5 235U ,-9%,"18,101", $332.00*
AMD Ryzen 5 7535HS ,-9%,"18,080", NA
Intel Xeon D-2187NT @ 2.00GHz ,-9%,"18,070"," $1,989.00*"
Intel Core i7-9800X @ 3.80GHz ,-9%,"18,033", NA
AMD Ryzen 5 PRO 6650H ,-9%,"18,027", NA
Intel Core i5-11600 @ 2.80GHz ,-9%,"18,017", $140.00
Intel Core Ultra 5 228V ,-9%,"17,999", NA
Intel Xeon W-2145 @ 3.70GHz ,-9%,"17,968"," $1,224.67*"
Intel Core i7-1270PE ,-9%,"17,960", $441.00*
Intel Xeon E5-2666 v4 @ 2.80GHz ,-9%,"17,958", NA
AMD Ryzen 5 PRO 7540U ,-9%,"17,893", NA
Intel Xeon W-11855M @ 3.20GHz ,-9%,"17,891", $450.00*
Intel Xeon Phi 7290 @ 1.50GHz ,-9%,"17,839"," $3,213.00*"
Intel Xeon D-1736NT @ 2.70GHz ,-9%,"17,826", NA
Intel Xeon Gold 6234 @ 3.30GHz ,-9%,"17,752", $929.95
Intel Xeon Silver 4214R @ 2.40GHz ,-9%,"17,752", $514.93
AMD 4700S ,-9%,"17,745", NA
Intel Core Ultra 5 125U ,-9%,"17,743", $363.00*
AMD EPYC 7232P ,-9%,"17,731", $450.00
AMD Ryzen 5 3600 ,-9%,"17,711", NA
Intel Xeon E5-2687W v4 @ 3.00GHz ,-9%,"17,696", $719.45*
Intel Core i7-6950X @ 3.00GHz ,-9%,"17,661", NA
Intel Core i5-13420H ,-9%,"17,636", $342.00*
Intel Xeon W-1270 @ 3.40GHz ,-9%,"17,573", $362.00*
Intel Core i5-12600T ,-9%,"17,532", NA
ARM Neoverse-N1 64 Core 3000 MHz ,-9%,"17,515", NA
Intel Xeon E5-2683 v4 @ 2.10GHz ,-9%,"17,507", $329.95*
Intel Core Ultra 5 135U ,-9%,"17,507", NA
AMD Ryzen 7 2700X ,-9%,"17,489", $183.00
Intel Xeon E5-2680R v4 @ 2.40GHz ,-9%,"17,487", NA
Intel Xeon W-11555MRE @ 2.60GHz ,-9%,"17,484", $326.00*
Intel Core i5-1340PE ,-9%,"17,476", $315.00*
Intel Xeon E-2378 @ 2.60GHz ,-9%,"17,472", $470.39
AMD Ryzen 7 4980U Microsoft Surface Edition ,-9%,"17,469", NA
Intel Xeon E5-2680 v4 @ 2.40GHz ,-9%,"17,467", $211.95
Intel Xeon E-2288G @ 3.70GHz ,-9%,"17,433", $539.00*
Snapdragon X - X126100 - Qualcomm Oryon ,-9%,"17,431", NA
Intel Xeon E5-4669 v3 @ 2.10GHz ,-9%,"17,430"," $5,400.00*"
Intel Core 5 120U ,-9%,"17,426", $340.00*
Virtual @ 3.80GHz ,-9%,"17,386", NA
Intel Core i5-11500B @ 3.30GHz ,-9%,"17,358", NA
Intel Xeon W-2140B @ 3.20GHz ,-9%,"17,335", NA
Intel Core Ultra 7 165U ,-9%,"17,320", NA
Intel Atom P5362 ,-9%,"17,276", $708.00*
AMD Ryzen 7 PRO 5850U ,-9%,"17,225", NA
Intel Core i5-11500 @ 2.70GHz ,-9%,"17,205", NA
AMD Ryzen 5 PRO 3600 ,-9%,"17,202", NA
Apple M1 Pro 8 Core 3200 MHz ,-9%,"17,193", NA
Intel Core i7-7820X @ 3.60GHz ,-9%,"17,166", $379.00*
AMD Ryzen 5 4400G ,-9%,"17,160", NA
AMD Ryzen 7 4850U Mobile ,-9%,"17,110", NA
Intel Xeon W-1270P @ 3.80GHz ,-9%,"17,099", $470.52*
AMD Ryzen 5 7430U ,-9%,"17,078", NA
AMD Ryzen Embedded V3C18I ,-9%,"17,053", NA
Intel Xeon E5-2689 v4 @ 3.10GHz ,-9%,"17,049", NA
AMD Ryzen 5 Pro 7535U ,-9%,"17,003", NA
Intel Xeon W-3223 @ 3.50GHz ,-9%,"16,974", $820.55*
Intel Xeon E-2278G @ 3.40GHz ,-9%,"16,964", $494.00*
AMD Ryzen 5 7535U ,-9%,"16,958", NA
AMD Ryzen 7 PRO 2700X ,-9%,"16,956", NA
Intel Core i5-11400F @ 2.60GHz ,-9%,"16,944", NA
Intel Core i5-11400 @ 2.60GHz ,-9%,"16,913", NA
Intel Core i7-1270P ,-9%,"16,906", NA
AMD Ryzen 5 PRO 5655GE ,-9%,"16,811", NA
AMD Ryzen Threadripper 1900X ,-9%,"16,809", $122.99*
Intel Core i7-1260P ,-9%,"16,790", NA
AMD Ryzen 5 5600H ,-9%,"16,785", NA
Intel Core i5-1240P ,-9%,"16,743", $619.00*
Intel Xeon E5-2695 v3 @ 2.30GHz ,-9%,"16,695", $339.95
Intel Xeon Gold 5118 @ 2.30GHz ,-9%,"16,694", $448.95*
AMD Ryzen 7 4800U ,-9%,"16,644", NA
AMD Ryzen 5 6600U ,-8%,"16,545", NA
Intel Core Ultra 7 155U ,-8%,"16,517", $490.00*
Intel Xeon Gold 6134 @ 3.20GHz ,-8%,"16,512", $449.00
Intel Core i5-12450H ,-8%,"16,488", $311.00*
Intel Xeon Gold 5117 @ 2.00GHz ,-8%,"16,487", NA
AMD Ryzen 5 PRO 4400G ,-8%,"16,485", NA
AMD Ryzen 5 PRO 6650U ,-8%,"16,472", NA
Intel Xeon E7-4809 v2 @ 1.90GHz ,-8%,"16,471", NA
AMD Ryzen 7 PRO 5875U ,-8%,"16,450", NA
Intel Xeon Silver 4214Y @ 2.20GHz ,-8%,"16,442", $750.00
Intel Core i5-12500T ,-8%,"16,428", $202.00*
Intel Xeon E-2336 @ 2.90GHz ,-8%,"16,375", $385.10
Intel Core i9-9900 @ 3.10GHz ,-8%,"16,335", NA
AMD Ryzen 7 1800X ,-8%,"16,327", $175.00
Intel Xeon Silver 4214 @ 2.20GHz ,-8%,"16,320", $270.00*
Intel Xeon Gold 5215 @ 2.20GHz ,-8%,"16,304"," $1,424.00*"
Intel Core i7-10700F @ 2.90GHz ,-8%,"16,297", NA
Intel Xeon E5-2698B v3 @ 2.00GHz ,-8%,"16,287", NA
AMD Ryzen 5 PRO 4655G ,-8%,"16,271", NA
Intel Core i9-13900TE ,-8%,"16,265", $554.00*
Intel Core i7-11600H @ 2.90GHz ,-8%,"16,264", $395.00*
Intel Core i7-10700 @ 2.90GHz ,-8%,"16,234", NA
Intel Xeon E5-4650 v4 @ 2.20GHz ,-8%,"16,225", $98.00*
Intel Xeon Platinum 8151 @ 3.40GHz ,-8%,"16,208", NA
Intel Xeon D-2733NT @ 2.10GHz ,-8%,"16,206", $800.00*
AMD Ryzen 5 7533HS ,-8%,"16,157", NA
AMD Ryzen 5 PRO 4650G ,-8%,"16,146", NA
Intel Core i3-1220PE ,-8%,"16,146", $295.00*
Intel Core i7-10700E @ 2.90GHz ,-8%,"16,131", $330.00*
AMD Ryzen 5 4500 ,-8%,"16,116", NA
Intel Xeon E5-2669 v3 @ 2.30GHz ,-8%,"16,107", NA
AMD Ryzen Embedded V2718 ,-8%,"16,075", NA
Intel Xeon E5-2690 v3 @ 2.60GHz ,-8%,"16,039", $19.99*
AMD Ryzen 5 4600G ,-8%,"16,018", $129.00
AMD Ryzen 7 Extreme Edition ,-8%,"16,008", NA
Intel Core i5-11500H @ 2.90GHz ,-8%,"15,954", $250.00*
Intel Xeon W-11865MLE @ 1.50GHz ,-8%,"15,917", $467.00*
Intel Core i9-9900B @ 3.10GHz ,-8%,"15,893", NA
Intel Core i5-12400T ,-8%,"15,883", $149.99*
AMD Ryzen 5 4600GE ,-8%,"15,820", NA
Intel Xeon Gold 5215 @ 2.50GHz ,-8%,"15,719", $998.95
Intel Xeon E5-2660 v4 @ 2.00GHz ,-8%,"15,706", $49.00*
AMD Ryzen 7 5700U ,-8%,"15,700", NA
AMD Ryzen 7 2700 ,-8%,"15,679", NA
Intel Core i5-11260H @ 2.60GHz ,-8%,"15,666", $250.00*
AMD Ryzen 7 1700X ,-8%,"15,661", $195.00
Intel Xeon D-1746TER @ 2.00GHz ,-8%,"15,660"," $1,069.00*"
Apple M2 8 Core 3500 MHz ,-8%,"15,651", NA
AMD Ryzen 5 7530U ,-8%,"15,636", NA
AMD Ryzen 7 PRO 1700X ,-8%,"15,625", NA
Intel Core i7-11700T @ 1.40GHz ,-8%,"15,589", $323.00*
Intel Xeon w3-2423 ,-8%,"15,520", NA
Intel Xeon D-1726 @ 2.90GHz ,-8%,"15,511", $490.00*
Intel Xeon E-2278GE @ 3.30GHz ,-8%,"15,509", $494.00*
Intel Xeon W-10885M @ 2.40GHz ,-8%,"15,467", $623.00*
Intel Core 7 150U ,-8%,"15,466", NA
Intel Xeon Gold 5217 @ 3.00GHz ,-8%,"15,429"," $1,298.95"
Intel Core i5-11400H @ 2.70GHz ,-8%,"15,429", $250.00*
AMD Ryzen 5 PRO 4650GE ,-8%,"15,412", NA
Intel Xeon E5-4667 v3 @ 2.00GHz ,-8%,"15,397"," $5,729.00*"
Intel Xeon E5-4660 v4 @ 2.20GHz ,-8%,"15,375"," $3,609.00*"
Intel Core i3-14100F ,-8%,"15,367", $90.07
AMD Ryzen 7 PRO 2700 ,-8%,"15,348", NA
Intel Core i3-14100 ,-8%,"15,300", $121.99
Intel Core i9-10980HK @ 2.40GHz ,-8%,"15,293", $583.00*
AMD Ryzen 5 5600U ,-8%,"15,248", NA
AMD Ryzen 5 5560U ,-8%,"15,224", NA
Intel Xeon Silver 4116T @ 2.10GHz ,-8%,"15,187"," $1,112.00*"
Intel Xeon Silver 4210R @ 2.40GHz ,-8%,"15,175", NA
Intel Xeon E-2286M @ 2.40GHz ,-8%,"15,173"," $1,373.18*"
Intel Xeon E E-2434 ,-8%,"15,133", $281.00*
Intel Xeon D-2166NT @ 2.00GHz ,-8%,"15,105"," $1,005.00*"
AMD Ryzen 7 PRO 4750U ,-8%,"15,019", NA
AMD EPYC 7301 ,-8%,"14,991"," $1,490.00"
Intel Xeon Silver 4215R @ 3.20GHz ,-8%,"14,987", $803.33
Intel Xeon E5-2680 v3 @ 2.50GHz ,-8%,"14,954", $150.00
AMD EPYC 7251 ,-8%,"14,935", $964.22
Intel Xeon E5-2658A v3 @ 2.20GHz ,-8%,"14,879"," $1,832.00*"
Intel Xeon Gold 5115 @ 2.40GHz ,-8%,"14,875", $368.91
Intel Xeon D-1733NT @ 2.00GHz ,-8%,"14,849", $720.00*
AMD Ryzen 5 5625U ,-8%,"14,847", NA
Intel Xeon E5-1681 v3 @ 2.90GHz ,-8%,"14,820", NA
Intel Xeon E5-2683 v3 @ 2.00GHz ,-8%,"14,802", $79.00
AMD Ryzen 7 1700 ,-8%,"14,800", $195.00
Intel Xeon Silver 4116 @ 2.10GHz ,-8%,"14,796", $76.00
AMD Ryzen 5 PRO 4400GE ,-8%,"14,795", NA
Intel Core i9-10900T @ 1.90GHz ,-7%,"14,743", $349.99*
Intel Xeon E5-2687W v3 @ 3.10GHz ,-7%,"14,722", $549.95
AMD Ryzen 3 PRO 8300GE ,-7%,"14,719", NA
Intel Core i7-10875H @ 2.30GHz ,-7%,"14,699", $450.00*
Intel Xeon E5-2678 v3 @ 2.50GHz ,-7%,"14,699", $106.19*
AMD Ryzen 7 PRO 1700 ,-7%,"14,696", NA
Intel Core i9-10885H @ 2.40GHz ,-7%,"14,691", $556.00*
Intel Core i5-1345U ,-7%,"14,688", $309.00*
Intel Core i9-10900TE @ 1.80GHz ,-7%,"14,679", $444.00*
Montage Jintide C4215R ,-7%,"14,672", NA
Intel Core i3-13100F ,-7%,"14,666", $83.73
AMD Ryzen 7 2700E ,-7%,"14,657", NA
AMD Ryzen 5 PRO 5650U ,-7%,"14,638", NA
Intel Core i3-1220P ,-7%,"14,593", $281.00*
AMD Ryzen 7 5825C ,-7%,"14,561", NA
AMD Ryzen 3 PRO 8300G ,-7%,"14,539", NA
Intel Xeon W-1290TE @ 1.80GHz ,-7%,"14,505", $552.00*
Intel Core i5-12500TE ,-7%,"14,497", $205.00*
AMD Ryzen 5 PRO 5675U ,-7%,"14,467", NA
Intel Core i7-1355U ,-7%,"14,460", $469.00*
Intel Core 3 100U ,-7%,"14,451", NA
AMD Ryzen 5 PRO 7530U ,-7%,"14,446", NA
Intel Xeon Silver 4215 @ 2.50GHz ,-7%,"14,439", $543.84
AMD Ryzen 5 PRO 4655GE ,-7%,"14,436", NA
Intel Xeon E5-2658 v4 @ 2.30GHz ,-7%,"14,434", $24.99*
Intel Core i7-6900K @ 3.20GHz ,-7%,"14,431", NA
Intel Core i7-9700K @ 3.60GHz ,-7%,"14,425", NA
Intel Core i5-1335U ,-7%,"14,407", $340.00*
Intel Xeon Silver 4123 @ 3.00GHz ,-7%,"14,405", NA
Intel Core i5-11600T @ 1.70GHz ,-7%,"14,396", $213.00*
Intel Xeon W-2135 @ 3.70GHz ,-7%,"14,395"," $1,007.70*"
Intel Xeon W-2235 @ 3.80GHz ,-7%,"14,386", $666.99*
Intel Core i3-12300 ,-7%,"14,380", $143.00*
AMD Ryzen 3 8300G ,-7%,"14,374", NA
Intel Core i7-1365U ,-7%,"14,361", $426.00*
Intel Xeon W-1250P @ 4.10GHz ,-7%,"14,355", $321.50*
Intel CC150 @ 3.50GHz ,-7%,"14,334", NA
Intel Core i3-12100E ,-7%,"14,310", $138.00*
AMD Ryzen 5 4600H ,-7%,"14,309", NA
AMD Ryzen 5 4600HS ,-7%,"14,290", NA
Intel Core i5-10600K @ 4.10GHz ,-7%,"14,284", NA
Intel Xeon E5-2697 v2 @ 2.70GHz ,-7%,"14,260", $193.44
Intel Xeon E5-4660 v3 @ 2.10GHz ,-7%,"14,256"," $4,800.00*"
Intel Xeon D-1732TE @ 1.90GHz ,-7%,"14,254", $759.00*
Intel Xeon E5-1680 v4 @ 3.40GHz ,-7%,"14,252"," $1,498.95*"
Intel Core i9-10880H @ 2.30GHz ,-7%,"14,250", NA
Intel Xeon E5-2673 v3 @ 2.40GHz ,-7%,"14,247", $700.00*
Intel Core i7-9700KF @ 3.60GHz ,-7%,"14,233", NA
Intel Core i7-10870H @ 2.20GHz ,-7%,"14,223", $417.00*
Intel Core i5-10600KF @ 4.10GHz ,-7%,"14,174", NA
Apple M1 8 Core 3200 MHz ,-7%,"14,144", NA
Intel Xeon E-2276G @ 3.80GHz ,-7%,"14,126", $460.29*
Intel Core i7-8086K @ 4.00GHz ,-7%,"14,100", NA
Intel Xeon E5-2666 v3 @ 2.90GHz ,-7%,"14,080", NA
Intel Xeon E5-2696 v2 @ 2.50GHz ,-7%,"14,072", NA
Intel Core i3-12100F ,-7%,"14,037", NA
Intel Core i9-9980HK @ 2.40GHz ,-7%,"14,032", $583.00*
Intel Core i7-10700TE @ 2.00GHz ,-7%,"14,005", $330.00*
Intel Core i7-1260U ,-7%,"13,957", NA
Intel Xeon E-2286G @ 4.00GHz ,-7%,"13,951"," $1,253.00*"
Intel Xeon E-2236 @ 3.40GHz ,-7%,"13,938", $429.95*
AMD EPYC 3251 ,-7%,"13,912", $315.00*
AMD Ryzen 5 2600X ,-7%,"13,895", $147.00
AMD Ryzen 3 8300GE ,-7%,"13,846", NA
Intel Xeon E-2246G @ 3.60GHz ,-7%,"13,806", $311.00*
AMD Ryzen 3 PRO 5350G ,-7%,"13,793", NA
Intel Xeon E-2186G @ 3.80GHz ,-7%,"13,792", $429.99*
Intel Xeon E5-2667 v4 @ 3.20GHz ,-7%,"13,780", $579.00
Intel Xeon W-1250 @ 3.30GHz ,-7%,"13,741", $333.48*
Intel Core i3-13100E ,-7%,"13,727", $137.00*
Intel Xeon E-2374G @ 3.70GHz ,-7%,"13,726", $419.43*
Intel Core i3-14100T ,-7%,"13,697", $134.00*
Intel Xeon D-1823NT @ 2.80GHz ,-7%,"13,673", $436.00*
Intel Core i5-10600 @ 3.30GHz ,-7%,"13,650", NA
Intel Core i3-13100 ,-7%,"13,641", $95.28
Intel Core i9-9880H @ 2.30GHz ,-7%,"13,622", $556.00*
Intel Core i7-8700K @ 3.70GHz ,-7%,"13,584", $170.00
Virtual @ 3.41GHz ,-7%,"13,573", NA
Intel Xeon Silver 4210 @ 2.20GHz ,-7%,"13,556", $207.00
Intel Xeon W-1270TE @ 2.00GHz ,-7%,"13,553", $367.00*
Intel Xeon E-2176G @ 3.70GHz ,-7%,"13,553", $479.99*
Intel Core i7-5960X @ 3.00GHz ,-7%,"13,532", NA
Intel Xeon E5-1660 v4 @ 3.20GHz ,-7%,"13,518", $352.36*
Intel Xeon E-2136 @ 3.30GHz ,-7%,"13,504", $907.78*
Intel Xeon E5-2670 v3 @ 2.30GHz ,-7%,"13,503", $98.95
Intel Xeon E5-2658 v3 @ 2.20GHz ,-7%,"13,487", NA
Intel Core i7-1265U ,-7%,"13,448", $426.00*
AMD Ryzen 5 4600U ,-7%,"13,427", NA
AMD Ryzen 5 PRO 2600 ,-7%,"13,424", NA
Intel Xeon E5-2690 v2 @ 3.00GHz ,-7%,"13,418", $198.95
Intel Core i7-13800HRE ,-7%,"13,400", $496.00*
Intel Core Ultra 7 164U ,-7%,"13,365", NA
Intel Xeon D-1587 @ 1.70GHz ,-7%,"13,352", NA
Intel Xeon E5-2650 v4 @ 2.20GHz ,-7%,"13,350", $29.99*
Intel Xeon E5-2695 v2 @ 2.40GHz ,-7%,"13,339", $69.00
Intel Core i7-1255U ,-7%,"13,327", $426.00*
Intel Xeon E5-2676 v3 @ 2.40GHz ,-7%,"13,327", NA
Intel Core i5-1245U ,-7%,"13,287", $309.00*
Intel Core i5-10500 @ 3.10GHz ,-7%,"13,262", NA
AMD Ryzen 7 4700U ,-7%,"13,240", NA
Intel Core i7-9700 @ 3.00GHz ,-7%,"13,235", NA
Intel Core i5-1334U ,-7%,"13,228", $340.00*
Intel Xeon E-2146G @ 3.50GHz ,-7%,"13,219", $495.64*
Intel Core i3-12300T ,-7%,"13,209", $157.00*
Intel Core i5-11400T @ 1.30GHz ,-7%,"13,204", $182.00*
AMD BC-250 ,-7%,"13,201", NA
Intel Core i7-9700F @ 3.00GHz ,-7%,"13,193", NA
Intel Xeon E5-2675 v3 @ 1.80GHz ,-7%,"13,180", NA
Intel Xeon D-1581 @ 1.80GHz ,-7%,"13,173", NA
AMD Ryzen 5 2600 ,-7%,"13,172", NA
AMD Ryzen 5 3500X ,-7%,"13,166", NA
Intel Core i9-9900T @ 2.10GHz ,-7%,"13,158", $439.00*
Intel Xeon E5-1680 v3 @ 3.20GHz ,-7%,"13,124", $589.99*
Intel Atom P5342 ,-7%,"13,085", $632.00*
Intel Core i5-1235U ,-7%,"13,060", $309.00*
Intel Xeon Silver 4114 @ 2.20GHz ,-7%,"13,058", $15.99
Intel Core 5 220U ,-7%,"13,052", NA
Intel Xeon E5-2660 v3 @ 2.60GHz ,-7%,"13,042", $189.95
AMD Ryzen 5 1600X ,-7%,"13,039", $125.00
AMD Ryzen Embedded V2516 ,-7%,"13,016", NA
Mediatek Dimensity 9400 (MT6991) ,-7%,"13,006", NA
AMD Ryzen 3 5300G ,-7%,"12,999", NA
Apple A18 Pro ,-7%,"12,993", NA
AMD Ryzen 3 7440U ,-7%,"12,991", NA
Intel Xeon E5-4627 v4 @ 2.60GHz ,-7%,"12,969", $999.99*
Intel Xeon E5-2685 v3 @ 2.60GHz ,-7%,"12,944", NA
Intel Core i7-7800X @ 3.50GHz ,-7%,"12,915", NA
AMD Ryzen 5 5500U ,-6%,"12,895", NA
AMD Ryzen 3 5300GE ,-6%,"12,856", NA
Intel Core i3-13100T ,-6%,"12,846", $134.00*
Intel Xeon Gold 6128 @ 3.40GHz ,-6%,"12,811", $249.89
AMD Ryzen 3 8440U ,-6%,"12,805", NA
Intel Core i7-10700T @ 2.00GHz ,-6%,"12,803", $269.00*
AMD Ryzen 5 3500 ,-6%,"12,798", $76.99
Intel Core Ultra 5 134U ,-6%,"12,791", $332.00*
Intel Core i7-8700 @ 3.20GHz ,-6%,"12,787", NA
Intel CoreTM Ultra 5 115U ,-6%,"12,771", NA
AMD Ryzen 3 PRO 5355GE ,-6%,"12,761", NA
Intel Core i3-12100 ,-6%,"12,750", $122.00*
Intel Core i5-1240U ,-6%,"12,726", NA
Intel Xeon E5-2650L v4 @ 1.70GHz ,-6%,"12,719", $229.95*
Intel Xeon W-2133 @ 3.60GHz ,-6%,"12,710", $617.00*
Intel Xeon E5-2680 v2 @ 2.80GHz ,-6%,"12,702", $129.95
AMD Ryzen 3 PRO 5350GE ,-6%,"12,637", NA
Intel Core i7-9700E @ 2.60GHz ,-6%,"12,623", $323.00*
AMD Ryzen 3 210 ,-6%,"12,599", NA
Intel Xeon E-2334 @ 3.40GHz ,-6%,"12,595", $342.52*
Intel Xeon W-11555MLE @ 1.90GHz ,-6%,"12,591", $348.00*
AMD Ryzen 3 3300X ,-6%,"12,589", $140.99
AMD Ryzen 3 7335U ,-6%,"12,558", NA
Intel Xeon E5-1680 v2 @ 3.00GHz ,-6%,"12,545", NA
Intel Xeon E5-2667 v3 @ 3.20GHz ,-6%,"12,544", $298.95
Intel Core i3-12100T ,-6%,"12,538", $122.00*
Intel Xeon E5-1660 v3 @ 3.00GHz ,-6%,"12,519", $198.95
AMD Ryzen 3 PRO 7330U ,-6%,"12,484", NA
Intel Core i5-11500T @ 1.50GHz ,-6%,"12,480", $192.00*
Intel Xeon E5-2640 v4 @ 2.40GHz ,-6%,"12,465", $39.90*
AMD Ryzen 3 PRO 7335U ,-6%,"12,463", NA
Apple A18 ,-6%,"12,442", NA
Intel Xeon E5-2618L v4 @ 2.20GHz ,-6%,"12,429", $902.20*
Intel Xeon E5-2649 v3 @ 2.30GHz ,-6%,"12,399", NA
QTI SM8750 ,-6%,"12,380", NA
AMD Ryzen 5 PRO 4650U ,-6%,"12,359", NA
Intel Xeon W-10855M @ 2.80GHz ,-6%,"12,332", $450.00*
Hygon C86 3350 8-core ,-6%,"12,292", NA
Intel Xeon E5-2667 v2 @ 3.30GHz ,-6%,"12,290", $249.00
AMD Ryzen 5 1600 ,-6%,"12,276", $115.00
AMD Ryzen Z2 Go ,-6%,"12,270", NA
Apple A17 Pro ,-6%,"12,243", NA
Intel Xeon E5-2687W v2 @ 3.40GHz ,-6%,"12,240", NA
Intel Xeon W-1250E @ 3.50GHz ,-6%,"12,212", $260.00*
Intel Xeon D-2143IT @ 2.20GHz ,-6%,"12,207", $566.00*
Intel Xeon E5-2673 v2 @ 3.30GHz ,-6%,"12,206", NA
AMD Ryzen 5 7235HS ,-6%,"12,206", NA
Intel Core i5-10400F @ 2.90GHz ,-6%,"12,140", NA
Intel Xeon E5-2692 v2 @ 2.20GHz ,-6%,"12,119", NA
Intel Xeon D-2141I @ 2.20GHz ,-6%,"12,117", $555.00*
AMD Ryzen 5 PRO 4500U ,-6%,"12,117", NA
Intel Core i5-10505 @ 3.20GHz ,-6%,"12,103", NA
Intel Xeon E E-2414 ,-6%,"12,073", $306.53*
Intel Core i5-10400 @ 2.90GHz ,-6%,"12,056", NA
Intel Xeon E-2278GEL @ 2.00GHz ,-6%,"12,024", $494.00*
AMD Ryzen Embedded V3C14 ,-6%,"11,882", NA
Intel Xeon E5-2650L v3 @ 1.80GHz ,-6%,"11,865"," $2,222.00*"
Intel Core i3-12100TE ,-6%,"11,859", $125.00*
ARM Neoverse-N1 32 Core 1700 MHz ,-6%,"11,841", NA
Intel Xeon E5-2648L v4 @ 1.80GHz ,-6%,"11,839"," $1,384.57*"
Virtual @ 3.24GHz ,-6%,"11,838", NA
Intel Core i7-8700B @ 3.20GHz ,-6%,"11,830", $303.00*
Intel Core i5-1345URE ,-6%,"11,825", $340.00*
Snapdragon 8cx Gen 3 @ 3.0 GHz ,-6%,"11,814", NA
AMD Ryzen 5 PRO 1600 ,-6%,"11,813", NA
Microsoft SQ3 @ 3.0 GHz ,-6%,"11,793", NA
Intel Xeon E5-2663 v3 @ 2.80GHz ,-6%,"11,777", NA
AMD Ryzen 5 2600E ,-6%,"11,771", NA
ARM Neoverse-N1 80 Core 2800 MHz ,-6%,"11,755", NA
Intel Xeon E-2276M @ 2.80GHz ,-6%,"11,748", $450.00*
Intel Xeon E5-2650 v3 @ 2.30GHz ,-6%,"11,743"," $1,889.00*"
Intel Xeon D-2146NT @ 2.30GHz ,-6%,"11,736", $641.00*
Intel Core i7-10850H @ 2.70GHz ,-6%,"11,728", $395.00*
Intel Core i7-11375H @ 3.30GHz ,-6%,"11,697", $482.00*
Intel Core i7-10750H @ 2.60GHz ,-6%,"11,694", NA
Intel Xeon Platinum 8481C @ 2.70GHz ,-6%,"11,681", NA
Intel Core i3-11100HE @ 2.40GHz ,-6%,"11,673", $233.00*
Intel Core i7-11370H @ 3.30GHz ,-6%,"11,650", $426.00*
Intel Xeon D-1577 @ 1.30GHz ,-6%,"11,645"," $1,176.00*"
Intel Xeon E5-4657L v2 @ 2.40GHz ,-6%,"11,613", $751.19*
Intel Core i3-1315U ,-6%,"11,607", $309.00*
AMD Ryzen 3 3100 ,-6%,"11,565", $87.65
Intel Xeon E5-2630 v4 @ 2.20GHz ,-6%,"11,529", $109.00
Intel Xeon E5-4669 v4 @ 2.20GHz ,-6%,"11,523", NA
Intel Xeon E5-4628L v4 @ 1.80GHz ,-6%,"11,503"," $2,535.00*"
Hygon C86 3250 8-core ,-6%,"11,476", NA
QTI SM8650 ,-6%,"11,464", NA
AMD Ryzen 5 5500H ,-6%,"11,453", NA
Intel Core i7-6850K @ 3.60GHz ,-6%,"11,429", NA
Intel Xeon E5-1650 v4 @ 3.60GHz ,-6%,"11,402", $429.95*
Intel Core i5-10600T @ 2.40GHz ,-6%,"11,384", $213.00*
AMD Ryzen 3 PRO 5475U ,-6%,"11,381", NA
Intel Xeon E5-2670 v2 @ 2.50GHz ,-6%,"11,380", $233.95*
Intel Core i7-1250U ,-6%,"11,378", $426.00*
Intel Xeon E-2186M @ 2.90GHz ,-6%,"11,373", $623.00*
Intel Core i3-11100B @ 3.60GHz ,-6%,"11,357", NA
Intel Xeon E5-4627 v3 @ 2.60GHz ,-6%,"11,344"," $2,400.00*"
Hygon C86-3G (OPN:3350) ,-6%,"11,305", NA
AMD Ryzen 3 4300GE ,-6%,"11,252", NA
Intel Core i5-10500E @ 3.10GHz ,-6%,"11,212", $195.00*
Intel Xeon Silver 4208 @ 2.10GHz ,-6%,"11,198", NA
Intel Xeon E5-2618L v3 @ 2.30GHz ,-6%,"11,181", $195.02*
AMD Ryzen 3 5425U ,-6%,"11,172", NA
Intel Core i5-10500H @ 2.50GHz ,-6%,"11,161", $250.00*
AMD EPYC 7261 ,-6%,"11,149"," $6,998.69*"
Intel Xeon E-2226G @ 3.40GHz ,-6%,"11,126", $331.37*
Intel Xeon E5-2643 v4 @ 3.40GHz ,-6%,"11,105", $900.99
Apple A12X Bionic ,-6%,"11,089", NA
Intel Xeon Silver 4209T @ 2.20GHz ,-6%,"11,080", $649.25*
Intel Xeon E5-2628L v4 @ 1.90GHz ,-6%,"11,079", $529.18
Intel Xeon E5-2640 v3 @ 2.60GHz ,-6%,"11,073", $189.95
AMD Ryzen 3 PRO 5450U ,-5%,"11,052", NA
AMD Ryzen 3 7330U ,-5%,"11,041", NA
AMD Ryzen 3 4100 ,-5%,"11,039", $68.00
AMD Ryzen 3 5400U ,-5%,"11,003", NA
Apple A16 Bionic ,-5%,"11,002", NA
Intel Core i7-9850H @ 2.60GHz ,-5%,"10,971"," $1,305.76*"
Samsung s5e9945 ,-5%,"10,945", NA
AMD Ryzen 3 PRO 4200GE ,-5%,"10,930", NA
AMD Ryzen 3 PRO 4350GE ,-5%,"10,929", NA
Intel Xeon E-2176M @ 2.70GHz ,-5%,"10,920", $450.00*
AMD Ryzen 3 PRO 4350G ,-5%,"10,920", NA
Intel Xeon E5-4655 v4 @ 2.50GHz ,-5%,"10,912"," $4,616.00*"
Intel Core i5-1230U ,-5%,"10,894", $309.00*
Intel Core i5-11320H @ 3.20GHz ,-5%,"10,888", $309.00*
Cortex-A76,-3%,51,NA
